   T_Ref            W_ref             L_Icap          LEFTKNEEINVERTERMOTOR.Isa LEFTKNEEINVERTERMOTOR.Isb LEFTKNEEINVERTERMOTOR.Isc LeftEFF joint_speed joint_torque   Pin            L_Vcap            P_loss          LEFTKNEEINVERTERMOTOR.P_total LEFTKNEEINVERTERMOTOR.P_load LEFTKNEEINVERTERMOTOR.rpm_ref LEFTKNEEINVERTERMOTOR.Id LEFTKNEEINVERTERMOTOR.Iq LEFTKNEEINVERTERMOTOR.Id_ref LEFTKNEEINVERTERMOTOR.Iq_ref LEFTKNEEINVERTERMOTOR.Vma LEFTKNEEINVERTERMOTOR.Vab LEFTKNEEINVERTERMOTOR.Q.Ploss_total Tem_LEFTKNEEINVERTERMOTOR.M1 LEFTKNEEINVERTERMOTOR.Q.Q1_Pcond_Q LEFTKNEEINVERTERMOTOR.Q.Q1_Psw_Q LEFTKNEEINVERTERMOTOR.Q.Q1_Pcond_D LEFTKNEEINVERTERMOTOR.Q.Q1_Psw_D LEFTKNEEINVERTERMOTOR.Q.Q1_Ploss_total LEFTKNEEINVERTERMOTOR.Q.Q2_Pcond_Q LEFTKNEEINVERTERMOTOR.Q.Q2_Psw_Q LEFTKNEEINVERTERMOTOR.Q.Q2_Pcond_D LEFTKNEEINVERTERMOTOR.Q.Q2_Psw_D LEFTKNEEINVERTERMOTOR.Q.Q2_Ploss_total LEFTKNEEINVERTERMOTOR.Q.Q3_Pcond_Q LEFTKNEEINVERTERMOTOR.Q.Q3_Psw_Q LEFTKNEEINVERTERMOTOR.Q.Q3_Pcond_D LEFTKNEEINVERTERMOTOR.Q.Q3_Psw_D LEFTKNEEINVERTERMOTOR.Q.Q3_Ploss_total LEFTKNEEINVERTERMOTOR.Q.Q4_Pcond_Q LEFTKNEEINVERTERMOTOR.Q.Q4_Psw_Q LEFTKNEEINVERTERMOTOR.Q.Q4_Pcond_D LEFTKNEEINVERTERMOTOR.Q.Q4_Psw_D LEFTKNEEINVERTERMOTOR.Q.Q4_Ploss_total LEFTKNEEINVERTERMOTOR.Q.Q5_Pcond_Q LEFTKNEEINVERTERMOTOR.Q.Q5_Psw_Q LEFTKNEEINVERTERMOTOR.Q.Q5_Pcond_D LEFTKNEEINVERTERMOTOR.Q.Q5_Psw_D LEFTKNEEINVERTERMOTOR.Q.Q5_Ploss_total LEFTKNEEINVERTERMOTOR.Q.Q6_Pcond_Q LEFTKNEEINVERTERMOTOR.Q.Q6_Psw_Q LEFTKNEEINVERTERMOTOR.Q.Q6_Pcond_D LEFTKNEEINVERTERMOTOR.Q.Q6_Psw_D LEFTKNEEINVERTERMOTOR.Q.Q6_Ploss_total 
  0.000000000E+00   0.000000000E+00   2.974331892E-05   2.984279490E-07   2.984279490E-07   3.126388037E-07   1.865222123E-14   6.421437720E-11  -1.510199154E-12   2.855358616E-03   9.600000000E+01   1.579200983E-01   1.579200937E-01   2.945560523E-17   0.000000000E+00   3.268496597E-07   5.497109326E-07   0.000000000E+00  -1.892024910E-07  -1.059384395E-04   1.935518412E-11   1.579200983E-01   2.274521112E-11   3.075214163E-13   2.105602907E-02   0.000000000E+00   0.000000000E+00   2.105602907E-02   3.385861169E-13   3.158402851E-02   0.000000000E+00   0.000000000E+00   3.158402851E-02   3.076556035E-13   2.105602907E-02   0.000000000E+00   0.000000000E+00   2.105602907E-02   3.385677344E-13   3.158402851E-02   0.000000000E+00   0.000000000E+00   3.158402851E-02   3.084075806E-13   2.105602911E-02   0.000000000E+00   0.000000000E+00   2.105602911E-02   3.385753197E-13   3.158402851E-02   0.000000000E+00   0.000000000E+00   3.158402851E-02 
  8.000000000E+00   0.000000000E+00   3.113309702E+00  -9.818279545E-01   3.113280897E+00  -2.131452653E+00   9.819629983E+01  -3.429260416E-04   4.430801213E+00  -1.827750025E+02   9.600000000E+01   3.362881813E-01   1.864452201E+01   1.830823073E+01   0.000000000E+00   1.841488572E+00   1.526175204E+00   0.000000000E+00   3.471374151E+00  -5.582669476E+00  -9.601094225E+01   3.362881813E-01   7.793144699E-01   2.566982827E-03   3.333817413E-03   0.000000000E+00   0.000000000E+00   5.900800240E-03   4.377949468E-02   9.869332610E-02   0.000000000E+00   0.000000000E+00   1.424728208E-01   5.293167206E-02   9.919374134E-02   0.000000000E+00   0.000000000E+00   1.521254134E-01   2.175299826E-03   2.321703797E-03   0.000000000E+00   0.000000000E+00   4.497003624E-03   2.515701104E-02   1.006364201E-03   0.000000000E+00   0.000000000E+00   2.616337525E-02   1.595427365E-02   9.822035051E-04   0.000000000E+00   0.000000000E+00   1.693647715E-02 
  1.600000000E+01   0.000000000E+00   6.348981756E+00   6.869516653E-01   5.662001271E+00  -6.348952336E+00   9.594428902E+01   2.390578645E-04   1.178658258E+01   1.309656554E+02   9.600000000E+01   7.987500510E-01   1.969468857E+01   1.889592892E+01   0.000000000E+00  -1.745733991E+00   4.365622587E+00   0.000000000E+00   6.995891722E+00   6.911988538E+00   1.395964054E-02   7.987500510E-01   1.764008483E+00   5.868982001E-03   4.816995624E-02   0.000000000E+00   0.000000000E+00   5.403893824E-02   2.185412251E-01   1.179061612E-01   0.000000000E+00   0.000000000E+00   3.364473863E-01   1.428205463E-01   1.010059934E-01   0.000000000E+00   0.000000000E+00   2.438265398E-01   3.979975952E-03   4.293710954E-03   0.000000000E+00   0.000000000E+00   8.273686905E-03   9.279156484E-02   1.367742618E-03   0.000000000E+00   0.000000000E+00   9.415930746E-02   9.785586294E-02   1.330257119E-03   0.000000000E+00   0.000000000E+00   9.918612006E-02 
  2.400000000E+01   0.000000000E+00   2.978595148E-05   3.384750642E+00   5.282705104E+00  -8.667454864E+00   9.845565992E+01   2.769947548E-03   2.404133019E+01  -8.128215275E+02   9.600000000E+01   1.540434891E+00   9.974536823E+01   9.820496053E+01   0.000000000E+00  -3.663527199E-02   1.063954521E+01   0.000000000E+00   1.030327352E+01  -3.371332157E-02   7.182307323E-02   1.540434891E+00   2.011290075E+00   2.313567465E-02   7.763808969E-02   0.000000000E+00   0.000000000E+00   1.007737643E-01   4.128769875E-01   1.197156575E-01   0.000000000E+00   0.000000000E+00   5.325926450E-01   2.618161890E-01   1.143226054E-01   0.000000000E+00   0.000000000E+00   3.761387945E-01   6.894016203E-03   3.212633127E-03   0.000000000E+00   0.000000000E+00   1.010664933E-02   2.707924494E-01   1.721261570E-03   0.000000000E+00   0.000000000E+00   2.725137109E-01   2.460336100E-01   1.884974650E-03   0.000000000E+00   0.000000000E+00   2.479185847E-01 
  3.200000000E+01   0.000000000E+00   1.374807607E+01   3.035179859E+00   1.071286741E+01  -1.374804668E+01   9.861978150E+01   1.009323682E-04   2.859974918E+01  -9.545666669E+02   9.600000000E+01   2.674904607E+00   1.938028822E+02   1.911279790E+02   0.000000000E+00  -1.172614818E+00   1.201780023E+01   0.000000000E+00   1.443841772E+01   5.879101182E+00   7.906991132E-02   2.674904607E+00   3.535951157E+00   3.548719952E-02   8.253527613E-02   0.000000000E+00   0.000000000E+00   1.180224757E-01   8.624438036E-01   1.774798498E-01   0.000000000E+00   0.000000000E+00   1.039923653E+00   4.795372959E-01   1.302828995E-01   0.000000000E+00   0.000000000E+00   6.098201953E-01   1.528073369E-02   9.508599019E-04   0.000000000E+00   0.000000000E+00   1.623159360E-02   5.154162937E-01   2.333094219E-03   0.000000000E+00   0.000000000E+00   5.177493880E-01   3.768476612E-01   1.878428412E-03   0.000000000E+00   0.000000000E+00   3.787260896E-01 
  4.000000000E+01   0.000000000E+00   1.731880124E+01   3.949008132E+00   1.336976433E+01  -1.731877185E+01   9.883161051E+01  -2.926524999E-04   3.639005342E+01   2.855358616E-03   9.600000000E+01   4.142799487E+00   3.545717764E+02   3.504289970E+02   0.000000000E+00  -1.489950798E+00   1.556160652E+01   0.000000000E+00   1.842287886E+01   7.686193397E+00   7.348851453E-02   4.142799487E+00   4.411607501E+00   8.056123012E-02   9.519344937E-02   0.000000000E+00   0.000000000E+00   1.757546795E-01   1.320952627E+00   2.182076000E-01   0.000000000E+00   0.000000000E+00   1.539160227E+00   6.866962436E-01   1.508184081E-01   0.000000000E+00   0.000000000E+00   8.375146517E-01   4.517969113E-02   1.277316036E-03   0.000000000E+00   0.000000000E+00   4.645700716E-02   9.745241423E-01   3.629400064E-03   0.000000000E+00   0.000000000E+00   9.781535424E-01   6.100016661E-01   2.337769871E-03   0.000000000E+00   0.000000000E+00   6.123394360E-01 
  4.800000000E+01   0.000000000E+00  -2.155615054E+01   5.214331281E+00   1.634184839E+01  -2.155617935E+01   9.832594966E+01  -3.946838284E-04   5.166027251E+01  -7.320068011E+02   9.600000000E+01   6.196487881E+00   3.701506164E+02   3.639541088E+02   0.000000000E+00   7.006162278E-01   2.537480369E+01   0.000000000E+00   2.271133308E+01  -5.465786909E+00   5.809177763E-02   6.196487881E+00   5.405470261E+00   1.922781982E-01   1.052942365E-01   0.000000000E+00   0.000000000E+00   2.975724347E-01   2.095648970E+00   3.317394597E-01   0.000000000E+00   0.000000000E+00   2.427388430E+00   1.044916662E+00   1.792953768E-01   0.000000000E+00   0.000000000E+00   1.224212039E+00   1.005247793E-01   1.538925617E-03   0.000000000E+00   0.000000000E+00   1.020637049E-01   1.456332461E+00   6.017814553E-03   0.000000000E+00   0.000000000E+00   1.462350276E+00   7.320164612E-01   2.850461745E-03   0.000000000E+00   0.000000000E+00   7.348669229E-01 
  5.600000000E+01   0.000000000E+00   2.823033030E+01   1.117481507E+01   1.705548645E+01  -2.823030092E+01   9.678970677E+01   1.085892137E-03   5.413345357E+01   8.185413568E+02   9.600000000E+01   9.079528564E+00   2.828204849E+02   2.737411180E+02   0.000000000E+00  -7.961203252E-02   2.607559416E+01   0.000000000E+00   2.732162135E+01   2.353233073E+00   8.397482502E-02   9.079528564E+00   6.178364311E+00   3.440147819E-01   1.325183820E-01   0.000000000E+00   0.000000000E+00   4.765331639E-01   3.114624193E+00   4.647830925E-01   0.000000000E+00   0.000000000E+00   3.579407285E+00   1.128703353E+00   2.152284780E-01   0.000000000E+00   0.000000000E+00   1.343931831E+00   2.291050761E-01   1.752190346E-03   0.000000000E+00   0.000000000E+00   2.308572664E-01   2.187435801E+00   8.239737922E-03   0.000000000E+00   0.000000000E+00   2.195675539E+00   1.174475216E+00   4.083033106E-03   0.000000000E+00   0.000000000E+00   1.178558249E+00 
  6.400000000E+01   0.000000000E+00  -1.442548906E+01   1.442551849E+01   1.899823060E+01  -3.342374846E+01   9.607947672E+01  -1.209234464E-04   6.351358466E+01   1.386214890E+03   9.600000000E+01   1.337795277E+01   3.412301629E+02   3.278521549E+02   0.000000000E+00   1.212333269E+00   3.370714787E+01   0.000000000E+00   3.320992848E+01  -2.129122715E+00  -9.594236696E+01   1.337795277E+01   6.991151042E+00   7.548840384E-01   1.548009047E-01   0.000000000E+00   0.000000000E+00   9.096849431E-01   4.761989577E+00   7.026421405E-01   0.000000000E+00   0.000000000E+00   5.464631718E+00   1.643485759E+00   2.632279809E-01   0.000000000E+00   0.000000000E+00   1.906713740E+00   5.026818660E-01   2.634322228E-03   0.000000000E+00   0.000000000E+00   5.053161882E-01   3.331979564E+00   1.472895809E-02   0.000000000E+00   0.000000000E+00   3.346708522E+00   1.213273378E+00   4.454493716E-03   0.000000000E+00   0.000000000E+00   1.217727871E+00 
  7.200000000E+01   0.000000000E+00   2.209094212E+01   1.839287209E+01   2.209091338E+01  -4.048378515E+01   9.116194557E+01   2.472256508E-03   6.983491096E+01  -3.894124151E+03   9.600000000E+01   2.105866719E+01   2.382724633E+02   2.172138133E+02   0.000000000E+00   1.259228653E+00   4.054764781E+01   0.000000000E+00   4.097961144E+01  -2.017085098E+00  -9.598213088E+01   2.105866719E+01   8.123457109E+00   1.762260189E+00   2.898995670E-01   0.000000000E+00   0.000000000E+00   2.052159756E+00   7.345627084E+00   1.010332376E+00   0.000000000E+00   0.000000000E+00   8.355959460E+00   1.883370898E+00   2.303225449E-01   0.000000000E+00   0.000000000E+00   2.113693443E+00   1.197254097E+00   4.714844589E-03   0.000000000E+00   0.000000000E+00   1.201968942E+00   5.760123926E+00   2.281619818E-02   0.000000000E+00   0.000000000E+00   5.782940125E+00   1.476758099E+00   4.775677416E-03   0.000000000E+00   0.000000000E+00   1.481533777E+00 
  8.000000000E+01   0.000000000E+00   2.716750683E+01  -6.056841293E+01   2.716747808E+01   3.340093515E+01   9.637340307E+01  -2.565129961E+01  -3.384103753E+01   2.240566314E+03   9.600000000E+01   4.524642257E+01   1.247611574E+03   1.202365731E+03   0.000000000E+00   1.246950928E+00   5.966391472E+01   0.000000000E+00   6.000000000E+01  -5.099181627E+00  -9.533056049E+01   4.524642257E+01  -1.719151630E+01   0.000000000E+00   0.000000000E+00   0.000000000E+00   0.000000000E+00   0.000000000E+00   0.000000000E+00   0.000000000E+00   0.000000000E+00   0.000000000E+00   0.000000000E+00   1.161705253E+01   2.874940858E-02   0.000000000E+00   0.000000000E+00   1.164580194E+01   3.936558402E+00   0.000000000E+00   0.000000000E+00   0.000000000E+00   3.936558402E+00   1.428512463E+01   0.000000000E+00   0.000000000E+00   0.000000000E+00   1.428512463E+01   1.253560078E+01   1.139245473E+00   0.000000000E+00   0.000000000E+00   1.367484625E+01 
  8.800000000E+01   0.000000000E+00   4.301740799E+01  -1.610449738E+01   5.912187662E+01  -4.301737864E+01   1.107281045E+02  -2.649375478E+01   1.045637155E+02  -1.767343251E+03   9.600000000E+01   4.466721998E+01  -4.163611400E+02  -4.610287981E+02   0.000000000E+00   5.407727201E-01   6.080094958E+01   0.000000000E+00   6.000000000E+01   2.062838982E+01   6.595154662E-01   4.466721998E+01   2.541448135E+00   1.323595421E+00   5.205068721E-03   0.000000000E+00   0.000000000E+00   1.328800490E+00   9.741100096E+00   1.063087496E-02   0.000000000E+00   0.000000000E+00   9.751730971E+00   5.072196175E+00   0.000000000E+00   0.000000000E+00   0.000000000E+00   5.072196175E+00   1.818841451E+01   7.269121739E-02   0.000000000E+00   0.000000000E+00   1.826110572E+01   9.464536128E+00   3.053303009E-01   0.000000000E+00   0.000000000E+00   9.769866429E+00   0.000000000E+00   0.000000000E+00   0.000000000E+00   0.000000000E+00   0.000000000E+00 
  9.600000000E+01   0.000000000E+00  -8.155879215E+00  -3.557393605E+01  -8.155908034E+00   4.372984438E+01   9.557016395E+01  -2.797031846E+01   6.573547484E+01  -1.120499562E+03   9.600000000E+01   4.547720243E+01   1.026518976E+03   9.810458683E+02   0.000000000E+00  -1.127336378E+01   4.702680597E+01   0.000000000E+00   6.000000000E+01  -2.091339064E+02  -9.581138992E+01   4.547720243E+01  -4.079422202E+00   3.435557715E+00   6.989228074E-02   0.000000000E+00   0.000000000E+00   3.505449996E+00   0.000000000E+00   0.000000000E+00   0.000000000E+00   0.000000000E+00   0.000000000E+00   1.003711931E+01   6.826040768E-03   0.000000000E+00   0.000000000E+00   1.004394535E+01   1.309195118E+01   4.861780054E-03   0.000000000E+00   0.000000000E+00   1.309681296E+01   7.069779923E+00   0.000000000E+00   0.000000000E+00   0.000000000E+00   7.069779923E+00   2.280882021E+01   8.971573351E-02   0.000000000E+00   0.000000000E+00   2.289853594E+01 
  0.000000000E+00   5.000000000E-01   5.899321363E+01  -5.899318430E+01   1.965806194E+01   3.933512296E+01   9.330425863E+01   1.595618975E-03  -2.031798458E+00  -1.746614802E+03   9.600000000E+01   4.801995252E+01   7.171710219E+02   6.691511051E+02   4.500000000E+00  -7.617668996E-01   5.677917280E+01   0.000000000E+00   6.000000000E+01  -9.207121977E+00  -9.530586994E+01   4.801995252E+01  -1.510612416E-01   1.189413953E+01   4.198155836E-02   0.000000000E+00   0.000000000E+00   1.193612109E+01   4.867699457E+00   1.995068191E-02   0.000000000E+00   0.000000000E+00   4.887650139E+00   1.832305209E+00   2.537532642E-01   0.000000000E+00   0.000000000E+00   2.086058473E+00   1.798622004E+01   1.516897417E+00   0.000000000E+00   0.000000000E+00   1.950311745E+01   7.476907686E+00   8.365859432E-01   0.000000000E+00   0.000000000E+00   8.313493629E+00   1.276304529E+00   4.804016598E-03   0.000000000E+00   0.000000000E+00   1.281108545E+00 
  8.000000000E+00   5.000000000E-01  -5.513963357E+01  -5.513966248E+01   2.119323735E+01   3.394642541E+01   9.355599226E+01   1.733766693E-02   1.018538757E+01  -3.515443578E+03   9.600000000E+01   4.823913058E+01   7.485880738E+02   7.003490004E+02   4.500000000E+00   8.834875469E-01   6.041015100E+01   0.000000000E+00   6.000000000E+01  -5.715546023E-02   9.666795295E+01   4.823913058E+01   9.804347877E-01   1.203830243E+01   4.365010212E-02   0.000000000E+00   0.000000000E+00   1.208195253E+01   4.448908144E+00   1.857593040E-02   0.000000000E+00   0.000000000E+00   4.467484074E+00   2.202109586E+00   3.123565869E-01   0.000000000E+00   0.000000000E+00   2.514466173E+00   1.851810481E+01   1.722581453E+00   0.000000000E+00   0.000000000E+00   2.024068626E+01   6.674648471E+00   8.768895513E-01   0.000000000E+00   0.000000000E+00   7.551538023E+00   1.734791797E+00   6.180403075E-03   0.000000000E+00   0.000000000E+00   1.740972200E+00 
  1.600000000E+01   5.000000000E-01   5.942358062E+01  -5.942355130E+01   2.422135059E+01   3.520220135E+01   9.445967417E+01   4.093834600E-02   1.335261566E+01  -5.418463401E+03   9.600000000E+01   4.820199976E+01   8.700208197E+02   8.218188316E+02   4.500000000E+00  -6.195354205E-01   5.678082067E+01   0.000000000E+00   6.000000000E+01  -9.192487525E+00  -9.526451135E+01   4.820199976E+01   1.584427004E+00   1.206019541E+01   4.455958551E-02   0.000000000E+00   0.000000000E+00   1.210475499E+01   3.845546940E+00   1.647469871E-02   0.000000000E+00   0.000000000E+00   3.862021639E+00   2.885787262E+00   4.314935242E-01   0.000000000E+00   0.000000000E+00   3.317280786E+00   1.883008852E+01   1.720094240E+00   0.000000000E+00   0.000000000E+00   2.055018276E+01   5.795735412E+00   7.826895634E-01   0.000000000E+00   0.000000000E+00   6.578424976E+00   2.030248020E+00   8.069352574E-03   0.000000000E+00   0.000000000E+00   2.038317373E+00 
  2.400000000E+01   5.000000000E-01   5.984252336E+01  -5.984249404E+01   2.719337085E+01   3.264912378E+01   9.695835482E+01  -2.437141221E-03   2.293002359E+01  -5.408519271E+03   9.600000000E+01   4.821062031E+01   1.585026952E+03   1.536816056E+03   4.500000000E+00   2.630174173E-01   5.641715592E+01   0.000000000E+00   6.000000000E+01  -1.061740332E+01  -9.523895074E+01   4.821062031E+01   2.727060567E+00   1.294928396E+01   4.311873263E-02   0.000000000E+00   0.000000000E+00   1.299240269E+01   3.667401526E+00   1.452729033E-02   0.000000000E+00   0.000000000E+00   3.681928816E+00   3.222844586E+00   4.398384811E-01   0.000000000E+00   0.000000000E+00   3.662683067E+00   1.762814212E+01   1.560240635E+00   0.000000000E+00   0.000000000E+00   1.918838276E+01   4.987620709E+00   6.389400717E-01   0.000000000E+00   0.000000000E+00   5.626560780E+00   2.429636167E+00   9.279174418E-03   0.000000000E+00   0.000000000E+00   2.438915341E+00 
  3.200000000E+01   5.000000000E-01  -6.030520369E+01  -6.030523257E+01   2.930854895E+01   3.099668393E+01   8.081162603E+01  -4.332018855E-03   3.266610381E+01   6.040792320E+03   9.600000000E+01   4.817470484E+01   2.510621293E+02   2.028873891E+02   4.500000000E+00  -1.928926650E-01   6.293457856E+01   0.000000000E+00   6.000000000E+01   5.737792764E+00   9.668310863E+01   4.817470484E+01   3.485504736E+00   1.197160080E+01   4.036013182E-02   0.000000000E+00   0.000000000E+00   1.201196093E+01   2.902843323E+00   1.162848405E-02   0.000000000E+00   0.000000000E+00   2.914471807E+00   4.128163218E+00   5.574976098E-01   0.000000000E+00   0.000000000E+00   4.685660828E+00   1.906474571E+01   1.655869617E+00   0.000000000E+00   0.000000000E+00   2.072061533E+01   4.600558481E+00   5.996190877E-01   0.000000000E+00   0.000000000E+00   5.200177569E+00   2.639953027E+00   1.043312425E-02   0.000000000E+00   0.000000000E+00   2.650386151E+00 
  4.000000000E+01   5.000000000E-01   6.321004798E+01  -6.321001865E+01   3.302361884E+01   3.018640044E+01   9.461312972E+01  -1.254773334E-03   3.953429025E+01   5.726627105E+03   9.600000000E+01   4.815705952E+01   8.939723203E+02   8.458151910E+02   4.500000000E+00  -1.145867181E-01   5.968033181E+01   0.000000000E+00   6.000000000E+01  -2.321536493E+00  -9.523173023E+01   4.815705952E+01   4.614171774E+00   1.229347222E+01   4.012189597E-02   0.000000000E+00   0.000000000E+00   1.233359412E+01   2.564783623E+00   9.601350326E-03   0.000000000E+00   0.000000000E+00   2.574384973E+00   4.686071900E+00   6.363892162E-01   0.000000000E+00   0.000000000E+00   5.322461116E+00   1.850199890E+01   1.664960233E+00   0.000000000E+00   0.000000000E+00   2.016695913E+01   3.697401520E+00   5.240092287E-01   0.000000000E+00   0.000000000E+00   4.221410749E+00   3.316769269E+00   1.240475767E-02   0.000000000E+00   0.000000000E+00   3.329174026E+00 
  4.800000000E+01   5.000000000E-01   6.264794226E+01  -6.264791293E+01   3.513462529E+01   2.751328825E+01   9.283760865E+01  -4.763574969E-03   4.751593290E+01   5.671800936E+03   9.600000000E+01   4.819645253E+01   6.729078634E+02   6.247115688E+02   4.500000000E+00  -2.544534603E-02   5.926064203E+01   0.000000000E+00   6.000000000E+01  -3.322157472E+00  -9.521928348E+01   4.819645253E+01   5.505256984E+00   1.309900213E+01   4.044114825E-02   0.000000000E+00   0.000000000E+00   1.313944328E+01   2.196895446E+00   7.717609880E-03   0.000000000E+00   0.000000000E+00   2.204613056E+00   5.282737144E+00   7.588537835E-01   0.000000000E+00   0.000000000E+00   6.041590927E+00   1.754266831E+01   1.643313046E+00   0.000000000E+00   0.000000000E+00   1.918598136E+01   3.014296452E+00   4.301996257E-01   0.000000000E+00   0.000000000E+00   3.444496078E+00   3.938321515E+00   1.572584710E-02   0.000000000E+00   0.000000000E+00   3.954047362E+00 
  5.600000000E+01   5.000000000E-01  -6.123167151E+01  -6.123170040E+01   3.667739186E+01   2.455430883E+01   6.842091794E+01   1.294736533E-02   5.624820549E+01   5.873546696E+03   9.600000000E+01   4.820458459E+01   1.526461389E+02   1.044418894E+02   4.500000000E+00  -6.000314344E-01   6.158494804E+01   0.000000000E+00   6.000000000E+01   3.111293356E+00   9.676241133E+01   4.820458459E+01   6.247874321E+00   1.265044132E+01   3.922169014E-02   0.000000000E+00   0.000000000E+00   1.268966301E+01   1.762454416E+00   6.231411014E-03   0.000000000E+00   0.000000000E+00   1.768685827E+00   6.219185698E+00   8.057137103E-01   0.000000000E+00   0.000000000E+00   7.024899409E+00   1.754519558E+01   1.648850232E+00   0.000000000E+00   0.000000000E+00   1.919404581E+01   2.369605276E+00   3.462207657E-01   0.000000000E+00   0.000000000E+00   2.715826041E+00   4.339790372E+00   1.639174601E-02   0.000000000E+00   0.000000000E+00   4.356182118E+00 
  6.400000000E+01   5.000000000E-01  -5.762801892E+01  -5.762804781E+01   3.811980536E+01   1.950824274E+01   9.211765106E+01  -1.017848818E-02   6.723145594E+01  -2.119476721E+03   9.600000000E+01   4.821067108E+01   6.116247863E+02   5.634143864E+02   4.500000000E+00  -3.254741939E-01   6.326703468E+01   0.000000000E+00   6.000000000E+01   6.793556247E+00   9.683005188E+01   4.821067108E+01   7.193164853E+00   1.175077283E+01   3.889532809E-02   0.000000000E+00   0.000000000E+00   1.178966816E+01   1.312768269E+00   5.531750275E-03   0.000000000E+00   0.000000000E+00   1.318300019E+00   7.317503580E+00   9.236746036E-01   0.000000000E+00   0.000000000E+00   8.241178184E+00   1.842098781E+01   1.639136512E+00   0.000000000E+00   0.000000000E+00   2.006012432E+01   2.011886828E+00   2.932697562E-01   0.000000000E+00   0.000000000E+00   2.305156584E+00   4.593424816E+00   2.025795307E-02   0.000000000E+00   0.000000000E+00   4.613682769E+00 
  7.200000000E+01   5.000000000E-01   5.860376505E+01  -5.860373574E+01   4.123721483E+01   1.736652153E+01   9.423039650E+01  -2.459584762E-05   7.197930335E+01  -1.538453299E+03   9.600000000E+01   4.815005671E+01   8.345421690E+02   7.863923948E+02   4.500000000E+00   1.306005236E+00   5.742182196E+01   0.000000000E+00   6.000000000E+01  -7.972658336E+00  -9.515259966E+01   4.815005671E+01   8.310614362E+00   1.171025992E+01   4.134458594E-02   0.000000000E+00   0.000000000E+00   1.175160450E+01   1.029722953E+00   4.117451067E-03   0.000000000E+00   0.000000000E+00   1.033840404E+00   8.255343491E+00   8.877756716E-01   0.000000000E+00   0.000000000E+00   9.143119163E+00   1.781305626E+01   1.511131574E+00   0.000000000E+00   0.000000000E+00   1.932418784E+01   1.537642613E+00   2.215334318E-01   0.000000000E+00   0.000000000E+00   1.759176045E+00   5.146319002E+00   2.134833814E-02   0.000000000E+00   0.000000000E+00   5.167667340E+00 
  8.000000000E+01   5.000000000E-01  -1.268005506E+01  -5.441926463E+01   4.173918072E+01   1.268008452E+01   9.468352036E+01   7.393696464E-03   7.941480922E+01  -5.593156233E+03   9.600000000E+01   4.821687904E+01   9.069321858E+02   8.587153208E+02   4.500000000E+00  -6.314826023E-01   6.029064448E+01   0.000000000E+00   6.000000000E+01  -4.620354513E-01   8.454238011E-01   4.821687904E+01   8.868463035E+00   1.080572744E+01   4.215855734E-02   0.000000000E+00   0.000000000E+00   1.084788599E+01   6.588905513E-01   3.194519474E-03   0.000000000E+00   0.000000000E+00   6.620850708E-01   9.587487700E+00   1.093134763E+00   0.000000000E+00   0.000000000E+00   1.068062246E+01   1.790709812E+01   1.644933070E+00   0.000000000E+00   0.000000000E+00   1.955203119E+01   1.056922869E+00   1.959581344E-01   0.000000000E+00   0.000000000E+00   1.252881003E+00   5.501963655E+00   2.441253935E-02   0.000000000E+00   0.000000000E+00   5.526376194E+00 
  8.800000000E+01   5.000000000E-01  -5.594077241E+01  -5.594080130E+01   4.463015272E+01   1.131064888E+01   9.419474509E+01  -1.827620309E-02   9.003798306E+01  -1.345640888E+03   9.600000000E+01   4.820862495E+01   8.304305683E+02   7.822219570E+02   4.500000000E+00  -1.239015315E+00   6.310097235E+01   0.000000000E+00   6.000000000E+01   6.548345558E+00   9.686509112E+01   4.820862495E+01   9.821979570E+00   1.062638849E+01   3.605629156E-02   0.000000000E+00   0.000000000E+00   1.066244478E+01   4.564568059E-01   2.482191976E-03   0.000000000E+00   0.000000000E+00   4.589389979E-01   1.005994047E+01   1.213044484E+00   0.000000000E+00   0.000000000E+00   1.127298495E+01   1.711230005E+01   1.564270873E+00   0.000000000E+00   0.000000000E+00   1.867657092E+01   6.938405269E-01   1.658054042E-01   0.000000000E+00   0.000000000E+00   8.596459311E-01   6.415247344E+00   2.909820071E-02   0.000000000E+00   0.000000000E+00   6.444345544E+00 
  9.600000000E+01   5.000000000E-01  -5.113249520E+01  -5.113252409E+01   4.578194798E+01   5.350576413E+00   9.045860972E+01  -7.445434758E-03   9.955194633E+01  -7.435618172E+02   9.600000000E+01   4.822314824E+01   5.054104822E+02   4.571872956E+02   4.500000000E+00   1.174607760E+00   6.054744501E+01   0.000000000E+00   6.000000000E+01  -1.190614762E+00   9.683647310E+01   4.822314824E+01   1.066409203E+01   1.056703827E+01   3.507596197E-02   0.000000000E+00   0.000000000E+00   1.060211423E+01   2.118436728E-01   1.707193871E-03   0.000000000E+00   0.000000000E+00   2.135508666E-01   1.124203567E+01   1.247286161E+00   0.000000000E+00   0.000000000E+00   1.248932183E+01   1.568704258E+01   1.516992320E+00   0.000000000E+00   0.000000000E+00   1.720403490E+01   3.908118780E-01   1.298865420E-01   0.000000000E+00   0.000000000E+00   5.206984200E-01   6.886307525E+00   2.866044432E-02   0.000000000E+00   0.000000000E+00   6.914967969E+00 
  0.000000000E+00   1.000000000E+00  -5.751900780E+01  -5.751903669E+01   1.914502528E+01   3.837401170E+01   9.530675703E+01   8.516621362E-04   5.363619096E-01  -2.043307809E+03   9.600000000E+01   4.802068133E+01   1.023187943E+03   9.751672471E+02   9.000000000E+00   2.219713737E-01   6.326838461E+01   0.000000000E+00   6.000000000E+01   7.174972600E+00   9.668911229E+01   4.802068133E+01  -1.556210809E-01   1.155493266E+01   3.897530197E-02   0.000000000E+00   0.000000000E+00   1.159390796E+01   4.715800953E+00   1.856890701E-02   0.000000000E+00   0.000000000E+00   4.734369860E+00   1.854113267E+00   2.687549298E-01   0.000000000E+00   0.000000000E+00   2.122868196E+00   1.819974494E+01   1.620932015E+00   0.000000000E+00   0.000000000E+00   1.982067695E+01   7.570924199E+00   8.942560980E-01   0.000000000E+00   0.000000000E+00   8.465180297E+00   1.241579713E+00   4.573655950E-03   0.000000000E+00   0.000000000E+00   1.246153369E+00 
  8.000000000E+00   1.000000000E+00  -5.989781380E+01  -5.989784268E+01   2.247888694E+01   3.741895604E+01   9.683649606E+01  -1.471170732E-02   8.391721881E+00   5.958903382E+03   9.600000000E+01   4.822358263E+01   1.524377555E+03   1.476153811E+03   9.000000000E+00  -7.245131440E-02   6.269408953E+01   0.000000000E+00   6.000000000E+01   5.391888370E+00   9.663351259E+01   4.822358263E+01   8.497569963E-01   1.175883865E+01   4.350094419E-02   0.000000000E+00   0.000000000E+00   1.180233960E+01   4.362939326E+00   1.860601184E-02   0.000000000E+00   0.000000000E+00   4.381545337E+00   2.311613253E+00   3.514043140E-01   0.000000000E+00   0.000000000E+00   2.663017567E+00   1.859568892E+01   1.729799877E+00   0.000000000E+00   0.000000000E+00   2.032548880E+01   6.757657842E+00   8.730992078E-01   0.000000000E+00   0.000000000E+00   7.630757049E+00   1.590988886E+00   6.221797132E-03   0.000000000E+00   0.000000000E+00   1.597210683E+00 
  1.600000000E+01   1.000000000E+00   5.962261811E+01  -5.962258879E+01   2.413295850E+01   3.548963090E+01   8.552481487E+01  -1.085791184E-02   1.377340636E+01  -2.209397220E+03   9.600000000E+01   4.818887550E+01   3.329071129E+02   2.847181920E+02   9.000000000E+00  -4.365942860E-01   5.704172318E+01   0.000000000E+00   6.000000000E+01  -8.666503191E+00  -9.526043468E+01   4.818887550E+01   1.521457812E+00   1.194498794E+01   4.443777384E-02   0.000000000E+00   0.000000000E+00   1.198942572E+01   3.923794600E+00   1.697343655E-02   0.000000000E+00   0.000000000E+00   3.940768036E+00   2.766151705E+00   4.101780154E-01   0.000000000E+00   0.000000000E+00   3.176329721E+00   1.866493593E+01   1.726319285E+00   0.000000000E+00   0.000000000E+00   2.039125522E+01   5.993262473E+00   8.010443543E-01   0.000000000E+00   0.000000000E+00   6.794306828E+00   1.932632227E+00   7.719780666E-03   0.000000000E+00   0.000000000E+00   1.940352007E+00 
  2.400000000E+01   1.000000000E+00   5.744870820E+01  -5.744867889E+01   2.567101086E+01   3.177766865E+01   9.039775077E+01   7.203478010E-04   2.318726949E+01  -5.759981183E+03   9.600000000E+01   4.819419139E+01   5.019056790E+02   4.537114448E+02   9.000000000E+00   6.157391854E-02   6.011298431E+01   0.000000000E+00   6.000000000E+01  -1.310560245E+00  -9.522348853E+01   4.819419139E+01   2.405912589E+00   1.174630949E+01   4.437733381E-02   0.000000000E+00   0.000000000E+00   1.179068682E+01   3.318717486E+00   1.453502291E-02   0.000000000E+00   0.000000000E+00   3.333252509E+00   3.543489719E+00   4.835562289E-01   0.000000000E+00   0.000000000E+00   4.027045948E+00   1.924329704E+01   1.746977985E+00   0.000000000E+00   0.000000000E+00   2.099027503E+01   5.528614527E+00   6.460692007E-01   0.000000000E+00   0.000000000E+00   6.174683727E+00   2.144323988E+00   9.445035407E-03   0.000000000E+00   0.000000000E+00   2.153769023E+00 
  3.200000000E+01   1.000000000E+00  -5.625606592E+01  -5.625609481E+01   2.769045174E+01   2.856564337E+01   7.571631528E+01   1.694386767E-02   3.241413876E+01  -5.861492399E+03   9.600000000E+01   4.816183746E+01   1.983292605E+02   1.501676081E+02   9.000000000E+00  -7.372913218E-02   6.106187265E+01   0.000000000E+00   6.000000000E+01   1.233982174E+00   9.674901423E+01   4.816183746E+01   3.319048757E+00   1.196010377E+01   4.049979688E-02   0.000000000E+00   0.000000000E+00   1.200060357E+01   2.990139887E+00   1.177488033E-02   0.000000000E+00   0.000000000E+00   3.001914767E+00   4.169492723E+00   5.572798387E-01   0.000000000E+00   0.000000000E+00   4.726772562E+00   1.915188781E+01   1.658215447E+00   0.000000000E+00   0.000000000E+00   2.081010326E+01   4.415729502E+00   5.931556544E-01   0.000000000E+00   0.000000000E+00   5.008885156E+00   2.716602156E+00   1.064206101E-02   0.000000000E+00   0.000000000E+00   2.727244218E+00 
  4.000000000E+01   1.000000000E+00  -5.823105161E+01  -5.823108052E+01   3.089658172E+01   2.733449910E+01   7.863121731E+01   7.958262785E-03   4.152315237E+01  -6.053163325E+03   9.600000000E+01   4.816428918E+01   2.253949740E+02   1.772308118E+02   9.000000000E+00  -2.496888044E-01   6.307974932E+01   0.000000000E+00   6.000000000E+01   6.111191715E+00   9.679449620E+01   4.816428918E+01   4.337214002E+00   1.278491975E+01   4.417172771E-02   0.000000000E+00   0.000000000E+00   1.282909147E+01   2.586711827E+00   1.062883535E-02   0.000000000E+00   0.000000000E+00   2.597340662E+00   4.747494287E+00   6.695962518E-01   0.000000000E+00   0.000000000E+00   5.417090539E+00   1.809135912E+01   1.747506240E+00   0.000000000E+00   0.000000000E+00   1.983886536E+01   3.739922829E+00   5.370279655E-01   0.000000000E+00   0.000000000E+00   4.276950794E+00   3.259018648E+00   1.362314537E-02   0.000000000E+00   0.000000000E+00   3.272641794E+00 
  4.800000000E+01   1.000000000E+00  -2.708973554E+01  -6.281720682E+01   3.572744242E+01   2.708976502E+01   9.248136816E+01   3.268782480E-02   4.830451836E+01   5.826596657E+03   9.600000000E+01   4.821601075E+01   6.412853607E+02   5.930694754E+02   9.000000000E+00  -1.990886384E-01   6.086482928E+01   0.000000000E+00   6.000000000E+01   1.087393728E+00   7.679209572E-01   4.821601075E+01   5.744134809E+00   1.303353758E+01   4.428306834E-02   0.000000000E+00   0.000000000E+00   1.307782065E+01   2.259257349E+00   8.613013673E-03   0.000000000E+00   0.000000000E+00   2.267870363E+00   5.299986150E+00   7.590780718E-01   0.000000000E+00   0.000000000E+00   6.059064222E+00   1.777386604E+01   1.719641981E+00   0.000000000E+00   0.000000000E+00   1.949350802E+01   2.843979727E+00   4.385692840E-01   0.000000000E+00   0.000000000E+00   3.282549011E+00   4.057998871E+00   1.619983338E-02   0.000000000E+00   0.000000000E+00   4.074198704E+00 
  5.600000000E+01   1.000000000E+00   5.989431719E+01  -5.989428786E+01   3.688185924E+01   2.301242922E+01   9.343486919E+01  -2.360282822E-02   5.620069186E+01  -2.042874614E+03   9.600000000E+01   4.825959594E+01   7.350927609E+02   6.868329596E+02   9.000000000E+00   1.474092620E+00   5.715749198E+01   0.000000000E+00   6.000000000E+01  -9.057967350E+00  -9.517956626E+01   4.825959594E+01   6.518341922E+00   1.209489365E+01   3.959666155E-02   0.000000000E+00   0.000000000E+00   1.213449031E+01   1.752822658E+00   6.490844124E-03   0.000000000E+00   0.000000000E+00   1.759313503E+00   6.258069259E+00   7.821164661E-01   0.000000000E+00   0.000000000E+00   7.040185725E+00   1.824711887E+01   1.653111363E+00   0.000000000E+00   0.000000000E+00   1.990023023E+01   2.648409976E+00   3.668116081E-01   0.000000000E+00   0.000000000E+00   3.015221584E+00   4.069347470E+00   1.584273295E-02   0.000000000E+00   0.000000000E+00   4.085190203E+00 
  6.400000000E+01   1.000000000E+00   6.021388133E+01  -6.021385200E+01   3.885038210E+01   2.136347051E+01   8.551305338E+01   1.767938780E-02   6.289141376E+01   5.435135654E+03   9.600000000E+01   4.820267119E+01   3.327316491E+02   2.845289927E+02   9.000000000E+00   7.431371367E-01   5.754692140E+01   0.000000000E+00   6.000000000E+01  -7.308093528E+00  -9.520923693E+01   4.820267119E+01   7.213282330E+00   1.214707619E+01   4.160696608E-02   0.000000000E+00   0.000000000E+00   1.218868316E+01   1.367748770E+00   5.191522113E-03   0.000000000E+00   0.000000000E+00   1.372940292E+00   7.084312714E+00   8.214082371E-01   0.000000000E+00   0.000000000E+00   7.905720951E+00   1.811873083E+01   1.522757953E+00   0.000000000E+00   0.000000000E+00   1.964148879E+01   1.977284920E+00   2.618875606E-01   0.000000000E+00   0.000000000E+00   2.239172481E+00   4.969929354E+00   1.957824733E-02   0.000000000E+00   0.000000000E+00   4.989507602E+00 
  7.200000000E+01   1.000000000E+00   6.000489577E+01  -6.000486645E+01   4.072389662E+01   1.928097045E+01   8.983796932E+01   8.009975337E-03   6.975445202E+01   5.414612400E+03   9.600000000E+01   4.817598816E+01   4.740785141E+02   4.259025100E+02   9.000000000E+00   2.513128885E-01   5.779864206E+01   0.000000000E+00   6.000000000E+01  -7.048141825E+00  -9.519550746E+01   4.817598816E+01   7.936622062E+00   1.206913791E+01   4.130414199E-02   0.000000000E+00   0.000000000E+00   1.211044206E+01   1.036817069E+00   3.978981869E-03   0.000000000E+00   0.000000000E+00   1.040796051E+00   8.223628931E+00   9.093683931E-01   0.000000000E+00   0.000000000E+00   9.132997324E+00   1.737269953E+01   1.505358969E+00   0.000000000E+00   0.000000000E+00   1.887805850E+01   1.454958057E+00   2.215580710E-01   0.000000000E+00   0.000000000E+00   1.676516128E+00   5.164545293E+00   2.096774805E-02   0.000000000E+00   0.000000000E+00   5.185513041E+00 
  8.000000000E+01   1.000000000E+00   5.874863264E+01  -5.874860331E+01   4.285308511E+01   1.589551881E+01   9.522704170E+01  -4.133612888E-03   7.806655256E+01   5.292463993E+03   9.600000000E+01   4.821720186E+01   1.010213121E+03   9.619960697E+02   9.000000000E+00   6.216971838E-01   5.735471607E+01   0.000000000E+00   6.000000000E+01  -8.189279800E+00  -9.518781645E+01   4.821720186E+01   8.875415026E+00   1.096369797E+01   4.159163863E-02   0.000000000E+00   0.000000000E+00   1.100528961E+01   7.373783438E-01   3.211461712E-03   0.000000000E+00   0.000000000E+00   7.405898055E-01   9.133858517E+00   1.083648582E+00   0.000000000E+00   0.000000000E+00   1.021750710E+01   1.767873093E+01   1.668940797E+00   0.000000000E+00   0.000000000E+00   1.934767173E+01   1.050054652E+00   2.047059049E-01   0.000000000E+00   0.000000000E+00   1.254760557E+00   5.752902497E+00   2.419281926E-02   0.000000000E+00   0.000000000E+00   5.777095316E+00 
  8.800000000E+01   1.000000000E+00  -5.873242617E+01  -5.873245506E+01   4.564262796E+01   1.308982738E+01   6.914838888E+01   5.432377743E-03   8.943168622E+01   5.621445400E+03   9.600000000E+01   4.820959085E+01   1.562628720E+02   1.080532584E+02   9.000000000E+00  -4.773852095E-01   6.154089264E+01   0.000000000E+00   6.000000000E+01   2.640342141E+00   9.683513244E+01   4.820959085E+01   9.955720792E+00   1.145889763E+01   3.954471030E-02   0.000000000E+00   0.000000000E+00   1.149844234E+01   4.604098860E-01   2.447792155E-03   0.000000000E+00   0.000000000E+00   4.628576782E-01   1.001033677E+01   1.050755812E+00   0.000000000E+00   0.000000000E+00   1.106109258E+01   1.630380548E+01   1.447160478E+00   0.000000000E+00   0.000000000E+00   1.775096596E+01   6.762213191E-01   1.451469889E-01   0.000000000E+00   0.000000000E+00   8.213683081E-01   6.509177130E+00   2.517730992E-02   0.000000000E+00   0.000000000E+00   6.534354440E+00 
  9.600000000E+01   1.000000000E+00   5.728292484E+01  -5.728289551E+01   4.711013050E+01   1.017276564E+01   9.337347959E+01  -1.631157453E-03   9.373010462E+01   5.149790512E+03   9.600000000E+01   4.823649540E+01   7.279334827E+02   6.796968219E+02   9.000000000E+00   5.578381254E-01   5.783526676E+01   0.000000000E+00   6.000000000E+01  -7.352832950E+00  -9.516471605E+01   4.823649540E+01   1.061996887E+01   1.121494477E+01   3.552141290E-02   0.000000000E+00   0.000000000E+00   1.125046618E+01   2.391300662E-01   1.739603733E-03   0.000000000E+00   0.000000000E+00   2.408696700E-01   1.074428946E+01   1.248027567E+00   0.000000000E+00   0.000000000E+00   1.199231703E+01   1.512079271E+01   1.504588414E+00   0.000000000E+00   0.000000000E+00   1.662538113E+01   3.516036803E-01   1.308087494E-01   0.000000000E+00   0.000000000E+00   4.824124297E-01   7.259839847E+00   2.859433124E-02   0.000000000E+00   0.000000000E+00   7.288434178E+00 
  0.000000000E+00   1.500000000E+00   5.899308023E+01  -5.899305089E+01   1.965882865E+01   3.933422285E+01   9.330387315E+01   1.358378071E-03  -2.028661302E+00  -1.746710630E+03   9.600000000E+01   4.802172421E+01   7.171562518E+02   6.691345595E+02   1.350000000E+01  -7.615486094E-01   5.677911142E+01   0.000000000E+00   6.000000000E+01  -9.207366621E+00  -9.530586233E+01   4.802172421E+01  -1.507402235E-01   1.189433849E+01   4.198184880E-02   0.000000000E+00   0.000000000E+00   1.193632034E+01   4.867804344E+00   1.995098115E-02   0.000000000E+00   0.000000000E+00   4.887755325E+00   1.832310283E+00   2.537502124E-01   0.000000000E+00   0.000000000E+00   2.086060495E+00   1.798618960E+01   1.516893976E+00   0.000000000E+00   0.000000000E+00   1.950308358E+01   7.476990641E+00   8.365887733E-01   0.000000000E+00   0.000000000E+00   8.313579414E+00   1.276268898E+00   4.803982923E-03   0.000000000E+00   0.000000000E+00   1.281072881E+00 
  8.000000000E+00   1.500000000E+00   6.232245880E+01  -6.232242948E+01   2.427778367E+01   3.804464643E+01   9.532415406E+01   1.731415809E-02   9.294384493E+00   5.641738522E+03   9.600000000E+01   4.825285870E+01   1.031949420E+03   9.836970553E+02   1.350000000E+01   6.343556440E-01   5.928083669E+01   0.000000000E+00   6.000000000E+01  -3.838368356E+00  -9.531310289E+01   4.825285870E+01   1.300865570E+00   1.190824434E+01   4.152680159E-02   0.000000000E+00   0.000000000E+00   1.194977114E+01   4.587326098E+00   1.802727263E-02   0.000000000E+00   0.000000000E+00   4.605353371E+00   2.223422590E+00   3.056577498E-01   0.000000000E+00   0.000000000E+00   2.529080339E+00   1.896951461E+01   1.544157497E+00   0.000000000E+00   0.000000000E+00   2.051367211E+01   6.636782306E+00   7.840148321E-01   0.000000000E+00   0.000000000E+00   7.420797138E+00   1.708104755E+00   6.126858272E-03   0.000000000E+00   0.000000000E+00   1.714231613E+00 
  1.600000000E+01   1.500000000E+00  -2.271016463E+01  -5.656012841E+01   2.271019409E+01   3.384993494E+01   9.306108806E+01   3.001170523E-02   1.764592857E+01  -5.770561102E+03   9.600000000E+01   4.818537782E+01   6.944258174E+02   6.462402214E+02   1.350000000E+01   5.839347739E-01   6.034044959E+01   0.000000000E+00   6.000000000E+01  -7.900562435E-01   9.670436561E+01   4.818537782E+01   1.332206959E+00   1.236102839E+01   3.979447010E-02   0.000000000E+00   0.000000000E+00   1.240082286E+01   3.837100982E+00   1.471193302E-02   0.000000000E+00   0.000000000E+00   3.851812915E+00   2.869184980E+00   4.035411161E-01   0.000000000E+00   0.000000000E+00   3.272726096E+00   1.819560977E+01   1.659534035E+00   0.000000000E+00   0.000000000E+00   1.985514381E+01   5.920970764E+00   7.511479581E-01   0.000000000E+00   0.000000000E+00   6.672118722E+00   1.990095488E+00   7.182356696E-03   0.000000000E+00   0.000000000E+00   1.997277845E+00 
  2.400000000E+01   1.500000000E+00  -2.531034777E+01  -5.713496559E+01   2.531037722E+01   3.182458897E+01   8.647894393E+01   1.812696864E-02   2.589421762E+01  -5.837886474E+03   9.600000000E+01   4.819203691E+01   3.564243609E+02   3.082320232E+02   1.350000000E+01   5.037322965E-01   6.087103167E+01   0.000000000E+00   6.000000000E+01   1.354070779E+00   9.673118681E+01   4.819203691E+01   2.272930811E+00   1.142639248E+01   3.865856018E-02   0.000000000E+00   0.000000000E+00   1.146505104E+01   3.211172636E+00   1.454412689E-02   0.000000000E+00   0.000000000E+00   3.225716763E+00   3.635408432E+00   4.811938950E-01   0.000000000E+00   0.000000000E+00   4.116602327E+00   1.951290452E+01   1.484934966E+00   0.000000000E+00   0.000000000E+00   2.099783948E+01   5.381591102E+00   6.287390487E-01   0.000000000E+00   0.000000000E+00   6.010330151E+00   2.188627821E+00   8.852526884E-03   0.000000000E+00   0.000000000E+00   2.197480348E+00 
  3.200000000E+01   1.500000000E+00  -5.920749655E+01  -5.920752544E+01   2.887749645E+01   3.033002929E+01   1.050568420E+01  -6.638122117E-02   3.338271702E+01   2.855358616E-03   9.600000000E+01   4.816036392E+01   5.381402950E+01   5.653531993E+00   1.350000000E+01  -3.854974769E-01   6.387574633E+01   0.000000000E+00   6.000000000E+01   8.264682900E+00   9.677017304E+01   4.816036392E+01   3.436701628E+00   1.151537732E+01   4.000964393E-02   0.000000000E+00   0.000000000E+00   1.155538696E+01   2.823623244E+00   1.128711265E-02   0.000000000E+00   0.000000000E+00   2.834910357E+00   4.238175267E+00   5.661882744E-01   0.000000000E+00   0.000000000E+00   4.804363542E+00   1.970950609E+01   1.670893137E+00   0.000000000E+00   0.000000000E+00   2.138039923E+01   4.849479832E+00   5.488729413E-01   0.000000000E+00   0.000000000E+00   5.398352774E+00   2.487438855E+00   1.157751391E-02   0.000000000E+00   0.000000000E+00   2.499016369E+00 
  4.000000000E+01   1.500000000E+00   5.821641793E+01  -5.821638859E+01   3.130200110E+01   2.691438810E+01   9.079045173E+01   1.661324487E-02   4.026621901E+01  -5.562366899E+03   9.600000000E+01   4.818264189E+01   5.231782210E+02   4.749958702E+02   1.350000000E+01   3.362185952E-01   5.799712758E+01   0.000000000E+00   6.000000000E+01  -6.299124371E+00  -9.520290252E+01   4.818264189E+01   4.501025088E+00   1.226267601E+01   4.919691048E-02   0.000000000E+00   0.000000000E+00   1.231187292E+01   2.618704560E+00   1.174090782E-02   0.000000000E+00   0.000000000E+00   2.630445468E+00   4.816235531E+00   7.030788511E-01   0.000000000E+00   0.000000000E+00   5.519314382E+00   1.884301247E+01   1.816776532E+00   0.000000000E+00   0.000000000E+00   2.065978900E+01   3.705420837E+00   5.707772321E-01   0.000000000E+00   0.000000000E+00   4.276198069E+00   3.222993810E+00   1.515619158E-02   0.000000000E+00   0.000000000E+00   3.238150001E+00 
  4.800000000E+01   1.500000000E+00   2.974331892E-05  -6.332004833E+01   3.558132154E+01   2.773872768E+01   9.230156571E+01  -4.210169219E-03   4.864965987E+01   5.818503637E+03   9.600000000E+01   4.817569839E+01   6.257876124E+02   5.776117643E+02   1.350000000E+01  -1.566072461E-01   6.079071056E+01   0.000000000E+00   6.000000000E+01   8.930715731E-01   7.681912956E-01   4.817569839E+01   5.611722095E+00   1.204314412E+01   4.439484771E-02   0.000000000E+00   0.000000000E+00   1.208753897E+01   2.161303181E+00   8.687569433E-03   0.000000000E+00   0.000000000E+00   2.169990750E+00   5.424230349E+00   7.582253626E-01   0.000000000E+00   0.000000000E+00   6.182455712E+00   1.873644561E+01   1.736248979E+00   0.000000000E+00   0.000000000E+00   2.047269459E+01   3.083947365E+00   4.565288336E-01   0.000000000E+00   0.000000000E+00   3.540476199E+00   3.764526861E+00   1.594121148E-02   0.000000000E+00   0.000000000E+00   3.780468073E+00 
  5.600000000E+01   1.500000000E+00  -5.653492562E+01  -5.653495452E+01   3.465577679E+01   2.187917804E+01   9.577583709E+01   3.821986967E-02   5.674473078E+01  -5.888803233E+03   9.600000000E+01   4.821378124E+01   1.141381962E+03   1.093168128E+03   1.350000000E+01  -1.797780300E-01   6.176257815E+01   0.000000000E+00   6.000000000E+01   2.936376397E+00   9.680996250E+01   4.821378124E+01   5.964078434E+00   1.142980030E+01   4.440519246E-02   0.000000000E+00   0.000000000E+00   1.147420549E+01   1.654940210E+00   7.188736794E-03   0.000000000E+00   0.000000000E+00   1.662128947E+00   6.411544077E+00   8.416668234E-01   0.000000000E+00   0.000000000E+00   7.253210901E+00   1.919406706E+01   1.712504027E+00   0.000000000E+00   0.000000000E+00   2.090657108E+01   2.605814382E+00   3.708362900E-01   0.000000000E+00   0.000000000E+00   2.976650672E+00   4.096932549E+00   1.790203918E-02   0.000000000E+00   0.000000000E+00   4.114834588E+00 
  6.400000000E+01   1.500000000E+00   5.933569811E+01  -5.933566879E+01   3.952202842E+01   1.981364099E+01   9.337170486E+01  -1.194944362E-02   6.528771191E+01  -1.756696109E+03   9.600000000E+01   4.815425277E+01   7.264916670E+02   6.783376552E+02   1.350000000E+01   1.560704695E+00   5.742031058E+01   0.000000000E+00   6.000000000E+01  -8.409989562E+00  -9.516186947E+01   4.815425277E+01   7.594275333E+00   1.200848881E+01   4.158459246E-02   0.000000000E+00   0.000000000E+00   1.205007340E+01   1.404884799E+00   5.250063583E-03   0.000000000E+00   0.000000000E+00   1.410134862E+00   6.825006568E+00   8.143346651E-01   0.000000000E+00   0.000000000E+00   7.639341233E+00   1.830227209E+01   1.526341031E+00   0.000000000E+00   0.000000000E+00   1.982861312E+01   1.989260990E+00   2.668389789E-01   0.000000000E+00   0.000000000E+00   2.256099969E+00   5.057223842E+00   1.955603836E-02   0.000000000E+00   0.000000000E+00   5.076779881E+00 
  7.200000000E+01   1.500000000E+00  -5.747392936E+01  -5.747395826E+01   3.904212776E+01   1.843183080E+01   9.253053474E+01   2.320276767E-02   7.461416738E+01  -4.034975815E+03   9.600000000E+01   4.816580218E+01   6.448359120E+02   5.966701176E+02   1.350000000E+01  -7.451481534E-02   6.235938714E+01   0.000000000E+00   6.000000000E+01   4.797451373E+00   9.684987291E+01   4.816580218E+01   7.507935943E+00   1.251759744E+01   4.289271951E-02   0.000000000E+00   0.000000000E+00   1.256049016E+01   1.083277317E+00   4.191935769E-03   0.000000000E+00   0.000000000E+00   1.087469253E+00   7.620878983E+00   9.549182158E-01   0.000000000E+00   0.000000000E+00   8.575797199E+00   1.668326293E+01   1.675769352E+00   0.000000000E+00   0.000000000E+00   1.835903229E+01   1.404968488E+00   2.441934348E-01   0.000000000E+00   0.000000000E+00   1.649161922E+00   5.713750290E+00   2.000807177E-02   0.000000000E+00   0.000000000E+00   5.733758362E+00 
  8.000000000E+01   1.500000000E+00   5.622874582E+01  -5.622871649E+01   4.171758788E+01   1.451112922E+01   9.457003633E+01  -5.957961107E-03   7.864309460E+01  -5.368627420E+03   9.600000000E+01   4.821082621E+01   8.878662935E+02   8.396554763E+02   1.350000000E+01   4.795368992E-01   5.811975102E+01   0.000000000E+00   6.000000000E+01  -6.209136085E+00  -9.513331704E+01   4.821082621E+01   8.673025322E+00   1.076287179E+01   3.750155725E-02   0.000000000E+00   0.000000000E+00   1.080037334E+01   7.333695063E-01   2.949597163E-03   0.000000000E+00   0.000000000E+00   7.363191035E-01   9.246142494E+00   1.033813656E+00   0.000000000E+00   0.000000000E+00   1.027995615E+01   1.795289301E+01   1.590002859E+00   0.000000000E+00   0.000000000E+00   1.954289587E+01   1.050132739E+00   1.930062842E-01   0.000000000E+00   0.000000000E+00   1.243139024E+00   5.635830373E+00   2.186098503E-02   0.000000000E+00   0.000000000E+00   5.657691359E+00 
  8.800000000E+01   1.500000000E+00  -1.328869355E+01  -5.982332735E+01   4.653460495E+01   1.328872299E+01   9.165657601E+01   7.931002828E-04   8.843567418E+01   5.583319003E+03   9.600000000E+01   4.820799114E+01   5.777943285E+02   5.295864979E+02   1.350000000E+01  -5.531063190E-01   6.107219971E+01   0.000000000E+00   6.000000000E+01   1.842780515E+00   8.318384493E-01   4.820799114E+01   1.022339272E+01   1.102070721E+01   4.078859722E-02   0.000000000E+00   0.000000000E+00   1.106149580E+01   4.878920470E-01   2.482234245E-03   0.000000000E+00   0.000000000E+00   4.903742812E-01   9.778278331E+00   1.167105568E+00   0.000000000E+00   0.000000000E+00   1.094538390E+01   1.671159358E+01   1.612453187E+00   0.000000000E+00   0.000000000E+00   1.832404677E+01   6.208872611E-01   1.657617947E-01   0.000000000E+00   0.000000000E+00   7.866490557E-01   6.733714400E+00   2.644285282E-02   0.000000000E+00   0.000000000E+00   6.760157253E+00 
  9.600000000E+01   1.500000000E+00  -6.544999977E+00  -5.255270572E+01   4.600767691E+01   6.545029403E+00   9.567692294E+01  -5.690849523E-03   9.425138157E+01  -5.375785642E+03   9.600000000E+01   4.823089542E+01   1.115651438E+03   1.067420967E+03   1.350000000E+01  -7.215418530E-01   5.984436211E+01   0.000000000E+00   6.000000000E+01  -2.062426342E+00   8.603592296E-01   4.823089542E+01   1.062825878E+01   1.071870535E+01   3.927560489E-02   0.000000000E+00   0.000000000E+00   1.075798096E+01   2.598537241E-01   1.781488277E-03   0.000000000E+00   0.000000000E+00   2.616352124E-01   1.071285008E+01   1.303398882E+00   0.000000000E+00   0.000000000E+00   1.201624896E+01   1.604913074E+01   1.585334039E+00   0.000000000E+00   0.000000000E+00   1.763446478E+01   3.716867875E-01   1.312222240E-01   0.000000000E+00   0.000000000E+00   5.029090115E-01   7.378125847E+00   3.133115808E-02   0.000000000E+00   0.000000000E+00   7.409457005E+00 
  0.000000000E+00   2.000000000E+00   2.974331892E-05  -6.250491361E+01   2.139040706E+01   4.111450750E+01   9.569533683E+01   2.889714943E-04  -6.428329967E-01   5.706536930E+03   9.600000000E+01   4.802164855E+01   1.115573981E+03   1.067552278E+03   1.800000000E+01  -2.287625606E-01   6.050610813E+01   0.000000000E+00   6.000000000E+01   2.803387689E-02   6.532044165E-01   4.802164855E+01   8.916663286E-02   1.270087504E+01   4.404295820E-02   0.000000000E+00   0.000000000E+00   1.274491800E+01   5.220573044E+00   2.063278798E-02   0.000000000E+00   0.000000000E+00   5.241205832E+00   1.718198546E+00   2.808908350E-01   0.000000000E+00   0.000000000E+00   1.999089380E+00   1.690401867E+01   1.676924540E+00   0.000000000E+00   0.000000000E+00   1.858094321E+01   7.032977685E+00   9.342833463E-01   0.000000000E+00   0.000000000E+00   7.967261032E+00   1.361734027E+00   5.046918958E-03   0.000000000E+00   0.000000000E+00   1.366780946E+00 
  8.000000000E+00   2.000000000E+00   6.076527427E+01  -6.076524494E+01   2.304611571E+01   3.771912985E+01   9.371831892E+01  -1.128537535E-02   7.175745092E+00   5.490699851E+03   9.600000000E+01   4.824235302E+01   7.679846293E+02   7.197422841E+02   1.800000000E+01  -2.461995857E-01   5.779801926E+01   0.000000000E+00   6.000000000E+01  -7.089632240E+00  -9.533780379E+01   4.824235302E+01   9.747984494E-01   1.187713982E+01   4.346903018E-02   0.000000000E+00   0.000000000E+00   1.192060885E+01   4.368588325E+00   1.838640943E-02   0.000000000E+00   0.000000000E+00   4.386974734E+00   2.294741449E+00   3.547950029E-01   0.000000000E+00   0.000000000E+00   2.649536451E+00   1.855271522E+01   1.716763160E+00   0.000000000E+00   0.000000000E+00   2.026947838E+01   6.666969332E+00   8.688797098E-01   0.000000000E+00   0.000000000E+00   7.535849042E+00   1.629482632E+00   6.243660404E-03   0.000000000E+00   0.000000000E+00   1.635726293E+00 
  1.600000000E+01   2.000000000E+00   5.977493669E+01  -5.977490736E+01   2.519482048E+01   3.458008752E+01   1.878132906E+01  -2.503079126E-02   1.582389404E+01  -5.395170799E+03   9.600000000E+01   4.820168115E+01   5.934814536E+01   1.114637047E+01   1.800000000E+01   2.858035722E-01   5.644478053E+01   0.000000000E+00   6.000000000E+01  -1.064239762E+01  -9.526023377E+01   4.820168115E+01   1.960131179E+00   1.230413954E+01   4.226361513E-02   0.000000000E+00   0.000000000E+00   1.234640315E+01   3.970054730E+00   1.623931092E-02   0.000000000E+00   0.000000000E+00   3.986294041E+00   2.811748534E+00   3.624398741E-01   0.000000000E+00   0.000000000E+00   3.174188408E+00   1.855720972E+01   1.559123096E+00   0.000000000E+00   0.000000000E+00   2.011633282E+01   6.042595052E+00   7.147928394E-01   0.000000000E+00   0.000000000E+00   6.757387891E+00   1.954689278E+00   7.526808083E-03   0.000000000E+00   0.000000000E+00   1.962216086E+00 
  2.400000000E+01   2.000000000E+00  -6.127347547E+01  -6.127350434E+01   2.734042752E+01   3.393307712E+01   9.352324490E+01   1.146483170E-02   2.357339715E+01   5.932430298E+03   9.600000000E+01   4.816829819E+01   7.437064440E+02   6.955383989E+02   1.800000000E+01  -4.388964411E-01   6.191516662E+01   0.000000000E+00   6.000000000E+01   3.578150475E+00   9.668795813E+01   4.816829819E+01   2.587460611E+00   1.358046092E+01   5.052933769E-02   0.000000000E+00   0.000000000E+00   1.363099025E+01   3.518858935E+00   1.640833315E-02   0.000000000E+00   0.000000000E+00   3.535267268E+00   3.376975766E+00   5.857659437E-01   0.000000000E+00   0.000000000E+00   3.962741710E+00   1.734789502E+01   1.994598286E+00   0.000000000E+00   0.000000000E+00   1.934249331E+01   4.995005295E+00   8.144658987E-01   0.000000000E+00   0.000000000E+00   5.809471193E+00   2.519715686E+00   1.115106753E-02   0.000000000E+00   0.000000000E+00   2.530866753E+00 
  3.200000000E+01   2.000000000E+00   6.281000003E+01  -6.280997070E+01   3.052227125E+01   3.228770007E+01   9.616081511E+01  -2.065921653E-02   3.125527742E+01   5.688108610E+03   9.600000000E+01   4.817727269E+01   1.254885327E+03   1.206707959E+03   1.800000000E+01  -1.967899841E-01   5.925678830E+01   0.000000000E+00   6.000000000E+01  -3.308197740E+00  -9.525737095E+01   4.817727269E+01   3.670213716E+00   1.322293433E+01   4.052301719E-02   0.000000000E+00   0.000000000E+00   1.326345735E+01   3.225393358E+00   1.298960002E-02   0.000000000E+00   0.000000000E+00   3.238382958E+00   3.880988331E+00   5.504122734E-01   0.000000000E+00   0.000000000E+00   4.431400605E+00   1.756694728E+01   1.652184789E+00   0.000000000E+00   0.000000000E+00   1.921913207E+01   4.238369071E+00   6.256249097E-01   0.000000000E+00   0.000000000E+00   4.863993981E+00   2.898976505E+00   1.036581972E-02   0.000000000E+00   0.000000000E+00   2.909342324E+00 
  4.000000000E+01   2.000000000E+00  -5.869146041E+01  -5.869148930E+01   3.065898119E+01   2.803250841E+01   9.154452436E+01  -1.884604638E-02   4.061272817E+01  -3.157818667E+03   9.600000000E+01   4.814764429E+01   5.694281615E+02   5.212803020E+02   1.800000000E+01  -5.021060538E-01   6.348169481E+01   0.000000000E+00   6.000000000E+01   7.428868025E+00   9.679586827E+01   4.814764429E+01   4.183948059E+00   1.163043275E+01   4.062290643E-02   0.000000000E+00   0.000000000E+00   1.167105566E+01   2.495057000E+00   9.876347580E-03   0.000000000E+00   0.000000000E+00   2.504933348E+00   4.955887638E+00   5.671564894E-01   0.000000000E+00   0.000000000E+00   5.523044127E+00   1.963763351E+01   1.647562241E+00   0.000000000E+00   0.000000000E+00   2.128519575E+01   3.942581811E+00   5.207704895E-01   0.000000000E+00   0.000000000E+00   4.463352301E+00   3.022159087E+00   1.164411625E-02   0.000000000E+00   0.000000000E+00   3.033803203E+00 
  4.800000000E+01   2.000000000E+00   5.938516416E+01  -5.938513484E+01   3.393660548E+01   2.544852997E+01   9.498846169E+01   1.321211266E-02   4.697657944E+01  -5.400669279E+03   9.600000000E+01   4.822085153E+01   9.621943827E+02   9.139736426E+02   1.800000000E+01   6.875209434E-01   5.648258718E+01   0.000000000E+00   6.000000000E+01  -1.001653717E+01  -9.517519965E+01   4.822085153E+01   5.397879608E+00   1.202389368E+01   4.479079502E-02   0.000000000E+00   0.000000000E+00   1.206868448E+01   2.020384576E+00   8.639398521E-03   0.000000000E+00   0.000000000E+00   2.029023975E+00   5.688077779E+00   7.699228162E-01   0.000000000E+00   0.000000000E+00   6.458000595E+00   1.882232249E+01   1.730388866E+00   0.000000000E+00   0.000000000E+00   2.055271136E+01   3.165678200E+00   4.410759824E-01   0.000000000E+00   0.000000000E+00   3.606754182E+00   3.677030496E+00   1.595191793E-02   0.000000000E+00   0.000000000E+00   3.692982414E+00 
  5.600000000E+01   2.000000000E+00  -5.977358668E+01  -5.977361556E+01   3.643877092E+01   2.333484495E+01   8.023247488E+01  -1.707230000E-02   5.823016245E+01   5.987608052E+03   9.600000000E+01   4.821670275E+01   2.439192499E+02   1.957024509E+02   1.800000000E+01  -3.215347233E-01   6.281897671E+01   0.000000000E+00   6.000000000E+01   5.593516491E+00   9.675813615E+01   4.821670275E+01   6.323203828E+00   1.257405865E+01   4.434913515E-02   0.000000000E+00   0.000000000E+00   1.261840779E+01   1.746826691E+00   6.790791361E-03   0.000000000E+00   0.000000000E+00   1.753617482E+00   6.171844093E+00   8.404547082E-01   0.000000000E+00   0.000000000E+00   7.012298802E+00   1.781413094E+01   1.712638377E+00   0.000000000E+00   0.000000000E+00   1.952676932E+01   2.488406125E+00   3.800444261E-01   0.000000000E+00   0.000000000E+00   2.868450551E+00   4.255553997E+00   1.787008628E-02   0.000000000E+00   0.000000000E+00   4.273424083E+00 
  6.400000000E+01   2.000000000E+00   6.197616176E+01  -6.197613243E+01   3.970780072E+01   2.226833232E+01   9.565641041E+01  -7.629647807E-03   6.401684335E+01   5.606072803E+03   9.600000000E+01   4.819564117E+01   1.109579344E+03   1.061383771E+03   1.800000000E+01   2.842367807E-01   5.929850859E+01   0.000000000E+00   6.000000000E+01  -3.242017807E+00  -9.518597478E+01   4.819564117E+01   7.369934136E+00   1.231667243E+01   4.342832177E-02   0.000000000E+00   0.000000000E+00   1.236010075E+01   1.425686284E+00   5.180652316E-03   0.000000000E+00   0.000000000E+00   1.430866936E+00   6.910627039E+00   9.220572016E-01   0.000000000E+00   0.000000000E+00   7.832684240E+00   1.759004692E+01   1.703508241E+00   0.000000000E+00   0.000000000E+00   1.929355517E+01   1.925283528E+00   3.086711398E-01   0.000000000E+00   0.000000000E+00   2.233954668E+00   4.917668249E+00   1.982920879E-02   0.000000000E+00   0.000000000E+00   4.937497458E+00 
  7.200000000E+01   2.000000000E+00  -5.705922277E+01  -5.705925166E+01   4.013892516E+01   1.692032681E+01   9.631608863E+01   2.255556826E-03   7.476428465E+01  -1.870651546E+03   9.600000000E+01   4.816844346E+01   1.307528836E+03   1.259360633E+03   1.800000000E+01  -5.406488458E-01   6.315927086E+01   0.000000000E+00   6.000000000E+01   6.585124833E+00   9.684238057E+01   4.816844346E+01   8.016305612E+00   1.163904860E+01   4.231125952E-02   0.000000000E+00   0.000000000E+00   1.168135986E+01   1.100266957E+00   4.182835544E-03   0.000000000E+00   0.000000000E+00   1.104449793E+00   7.890475669E+00   1.000378152E+00   0.000000000E+00   0.000000000E+00   8.890853821E+00   1.769056787E+01   1.691527924E+00   0.000000000E+00   0.000000000E+00   1.938209579E+01   1.454349743E+00   2.495792332E-01   0.000000000E+00   0.000000000E+00   1.703928976E+00   5.416022390E+00   2.190874285E-02   0.000000000E+00   0.000000000E+00   5.437931133E+00 
  8.000000000E+01   2.000000000E+00   5.958390273E+01  -5.958387340E+01   4.295637008E+01   1.662750394E+01   9.021158443E+01   1.106918286E-02   7.774847229E+01   5.373515485E+03   9.600000000E+01   4.822471949E+01   4.926677494E+02   4.444433827E+02   1.800000000E+01   2.094420149E-01   5.807125286E+01   0.000000000E+00   6.000000000E+01  -6.462342313E+00  -9.517998724E+01   4.822471949E+01   8.832957394E+00   1.213888710E+01   4.062433430E-02   0.000000000E+00   0.000000000E+00   1.217951143E+01   7.337273307E-01   3.103658377E-03   0.000000000E+00   0.000000000E+00   7.368309890E-01   8.981880173E+00   9.756051856E-01   0.000000000E+00   0.000000000E+00   9.957485358E+00   1.658304417E+01   1.477012856E+00   0.000000000E+00   0.000000000E+00   1.806005703E+01   1.077687754E+00   1.810505001E-01   0.000000000E+00   0.000000000E+00   1.258738254E+00   5.867080899E+00   2.297552858E-02   0.000000000E+00   0.000000000E+00   5.890056427E+00 
  8.800000000E+01   2.000000000E+00  -1.307017189E+01  -5.945894561E+01   4.638874491E+01   1.307020132E+01   9.047907477E+01  -8.018509720E-03   8.793260571E+01   5.642241329E+03   9.600000000E+01   4.821052973E+01   5.063610148E+02   4.581507611E+02   1.800000000E+01  -1.183835455E+00   6.153444164E+01   0.000000000E+00   6.000000000E+01   3.624693704E+00   8.300066051E-01   4.821052973E+01   1.019675886E+01   1.172877003E+01   4.067254834E-02   0.000000000E+00   0.000000000E+00   1.176944258E+01   4.161380356E-01   2.366028438E-03   0.000000000E+00   0.000000000E+00   4.185040640E-01   1.050700294E+01   1.177615899E+00   0.000000000E+00   0.000000000E+00   1.168461884E+01   1.578910055E+01   1.632872148E+00   0.000000000E+00   0.000000000E+00   1.742197270E+01   6.953354087E-01   1.666598620E-01   0.000000000E+00   0.000000000E+00   8.619952707E-01   5.984246535E+00   2.637820343E-02   0.000000000E+00   0.000000000E+00   6.010624738E+00 
  9.600000000E+01   2.000000000E+00  -1.061736856E+01  -5.888502670E+01   4.826762930E+01   1.061739800E+01   9.548757968E+01   7.995279507E-03   9.545681981E+01   5.439481015E+03   9.600000000E+01   4.820416634E+01   1.068248553E+03   1.020044688E+03   1.800000000E+01  -7.977733647E-01   6.057535880E+01   0.000000000E+00   6.000000000E+01   1.201172105E+00   8.466998822E-01   4.820416634E+01   1.094367588E+01   1.083012735E+01   3.990191360E-02   0.000000000E+00   0.000000000E+00   1.087002926E+01   2.472104853E-01   1.927651403E-03   0.000000000E+00   0.000000000E+00   2.491381367E-01   1.076292436E+01   1.244326472E+00   0.000000000E+00   0.000000000E+00   1.200725083E+01   1.575766401E+01   1.555370439E+00   0.000000000E+00   0.000000000E+00   1.731303445E+01   3.500477038E-01   1.179311799E-01   0.000000000E+00   0.000000000E+00   4.679788836E-01   7.356755685E+00   2.864959383E-02   0.000000000E+00   0.000000000E+00   7.385405279E+00 
  0.000000000E+00   2.500000000E+00  -5.751870496E+01  -5.751873387E+01   1.914353576E+01   3.837519840E+01   9.530678440E+01   9.150958374E-04   5.325973711E-01  -2.043167195E+03   9.600000000E+01   4.802101582E+01   1.023201059E+03   9.751800276E+02   2.250000000E+01   2.221276879E-01   6.326826823E+01   0.000000000E+00   6.000000000E+01   7.174624214E+00   9.668909713E+01   4.802101582E+01  -1.561644486E-01   1.155486855E+01   3.897495412E-02   0.000000000E+00   0.000000000E+00   1.159384350E+01   4.715970734E+00   1.856959687E-02   0.000000000E+00   0.000000000E+00   4.734540331E+00   1.853923563E+00   2.687377326E-01   0.000000000E+00   0.000000000E+00   2.122661296E+00   1.819962980E+01   1.620927314E+00   0.000000000E+00   0.000000000E+00   1.982055711E+01   7.571294630E+00   8.942874435E-01   0.000000000E+00   0.000000000E+00   8.465582073E+00   1.241447616E+00   4.573124078E-03   0.000000000E+00   0.000000000E+00   1.246020741E+00 
  8.000000000E+00   2.500000000E+00   6.103169446E+01  -6.103166512E+01   2.318479146E+01   3.784687428E+01   9.123933449E+01   2.116369034E-02   7.277782674E+00   5.516558022E+03   9.600000000E+01   4.821906059E+01   5.504020944E+02   5.021832079E+02   2.250000000E+01  -9.422501190E-02   5.806405518E+01   0.000000000E+00   6.000000000E+01  -6.407961880E+00  -9.533410678E+01   4.821906059E+01   1.001917169E+00   1.178357330E+01   4.339249167E-02   0.000000000E+00   0.000000000E+00   1.182696579E+01   4.291590809E+00   1.843216662E-02   0.000000000E+00   0.000000000E+00   4.310022976E+00   2.267099057E+00   3.522049927E-01   0.000000000E+00   0.000000000E+00   2.619304050E+00   1.869116257E+01   1.721683980E+00   0.000000000E+00   0.000000000E+00   2.041284655E+01   6.755633945E+00   8.698334932E-01   0.000000000E+00   0.000000000E+00   7.625467438E+00   1.655231477E+00   6.331873634E-03   0.000000000E+00   0.000000000E+00   1.661563351E+00 
  1.600000000E+01   2.500000000E+00  -2.579731036E+01  -6.273124033E+01   2.579733982E+01   3.693390110E+01   7.859752012E+01   9.857974677E-03   1.713922694E+01   5.843283011E+03   9.600000000E+01   4.818254042E+01   2.251254552E+02   1.769430249E+02   2.250000000E+01   3.042285577E-01   6.113047001E+01   0.000000000E+00   6.000000000E+01   1.728139352E+00   9.669371991E+01   4.818254042E+01   1.803351584E+00   1.295885568E+01   4.413564987E-02   0.000000000E+00   0.000000000E+00   1.300299133E+01   4.063135717E+00   1.649055050E-02   0.000000000E+00   0.000000000E+00   4.079626267E+00   2.781220522E+00   4.199924231E-01   0.000000000E+00   0.000000000E+00   3.201212945E+00   1.779339191E+01   1.716961982E+00   0.000000000E+00   0.000000000E+00   1.951035389E+01   5.678206593E+00   7.815162179E-01   0.000000000E+00   0.000000000E+00   6.459722810E+00   2.077124011E+00   7.895587140E-03   0.000000000E+00   0.000000000E+00   2.085019598E+00 
  2.400000000E+01   2.500000000E+00   5.950035705E+01  -5.950032772E+01   2.715121296E+01   3.234911539E+01   8.641998275E+01  -1.268066446E-02   2.348369735E+01  -5.462430584E+03   9.600000000E+01   4.820129408E+01   3.549399928E+02   3.067390805E+02   2.250000000E+01   2.784945456E-01   5.697266043E+01   0.000000000E+00   6.000000000E+01  -9.287134038E+00  -9.524254512E+01   4.820129408E+01   2.750706169E+00   1.207163269E+01   4.320407968E-02   0.000000000E+00   0.000000000E+00   1.211483677E+01   3.443313683E+00   1.446318832E-02   0.000000000E+00   0.000000000E+00   3.457776872E+00   3.465748457E+00   4.367856797E-01   0.000000000E+00   0.000000000E+00   3.902534136E+00   1.893496497E+01   1.549485599E+00   0.000000000E+00   0.000000000E+00   2.048445057E+01   5.269706472E+00   6.386173477E-01   0.000000000E+00   0.000000000E+00   5.908323820E+00   2.273061392E+00   9.336256032E-03   0.000000000E+00   0.000000000E+00   2.282397648E+00 
  3.200000000E+01   2.500000000E+00   6.327988088E+01  -6.327985155E+01   3.041865614E+01   3.286119603E+01   9.127222202E+01   1.262452911E-02   3.047896223E+01   5.733730876E+03   9.600000000E+01   4.818679076E+01   5.521068134E+02   5.039201565E+02   2.250000000E+01  -4.023729707E-01   5.973778143E+01   0.000000000E+00   6.000000000E+01  -2.351159552E+00  -9.525345745E+01   4.818679076E+01   3.567638059E+00   1.296582443E+01   4.520532278E-02   0.000000000E+00   0.000000000E+00   1.301102975E+01   3.170757664E+00   1.302783403E-02   0.000000000E+00   0.000000000E+00   3.183785498E+00   3.832810312E+00   5.233620435E-01   0.000000000E+00   0.000000000E+00   4.356172356E+00   1.788826657E+01   1.732452765E+00   0.000000000E+00   0.000000000E+00   1.962071934E+01   4.279933923E+00   6.184208521E-01   0.000000000E+00   0.000000000E+00   4.898354775E+00   2.964467892E+00   1.142309070E-02   0.000000000E+00   0.000000000E+00   2.975890983E+00 
  4.000000000E+01   2.500000000E+00   6.183497169E+01  -6.183494235E+01   3.257734484E+01   2.925759813E+01   9.401283796E+01   8.221952384E-03   3.937585415E+01   5.593216535E+03   9.600000000E+01   4.816267407E+01   8.044332190E+02   7.562704986E+02   2.250000000E+01   7.571968761E-02   5.830087180E+01   0.000000000E+00   6.000000000E+01  -5.549032949E+00  -9.524867946E+01   4.816267407E+01   4.593333103E+00   1.273508420E+01   4.293115821E-02   0.000000000E+00   0.000000000E+00   1.277801535E+01   2.618731344E+00   1.012690537E-02   0.000000000E+00   0.000000000E+00   2.628858249E+00   4.640565085E+00   6.130026059E-01   0.000000000E+00   0.000000000E+00   5.253567690E+00   1.824199319E+01   1.553424022E+00   0.000000000E+00   0.000000000E+00   1.979541721E+01   3.615558403E+00   4.727039352E-01   0.000000000E+00   0.000000000E+00   4.088262338E+00   3.461193711E+00   1.337622036E-02   0.000000000E+00   0.000000000E+00   3.474569931E+00 
  4.800000000E+01   2.500000000E+00  -5.813586309E+01  -5.813589199E+01   3.381088079E+01   2.432501149E+01   9.490631500E+01   2.223375057E-02   5.129193803E+01  -2.586814328E+03   9.600000000E+01   4.816592180E+01   9.455990385E+02   8.974332021E+02   2.250000000E+01   1.300887551E-02   6.310421451E+01   0.000000000E+00   6.000000000E+01   6.321384688E+00   9.679607660E+01   4.816592180E+01   5.490059129E+00   1.142399721E+01   3.993683150E-02   0.000000000E+00   0.000000000E+00   1.146393404E+01   1.904192702E+00   7.400386689E-03   0.000000000E+00   0.000000000E+00   1.911593088E+00   5.850894318E+00   6.612464780E-01   0.000000000E+00   0.000000000E+00   6.512140797E+00   1.965216908E+01   1.649037029E+00   0.000000000E+00   0.000000000E+00   2.130120610E+01   3.148063558E+00   4.202494822E-01   0.000000000E+00   0.000000000E+00   3.568313040E+00   3.637779226E+00   1.413631019E-02   0.000000000E+00   0.000000000E+00   3.651915536E+00 
  5.600000000E+01   2.500000000E+00  -5.881984789E+01  -5.881987678E+01   3.560193007E+01   2.321794702E+01   9.534185860E+01   7.520893101E-03   5.939331771E+01  -3.670522876E+03   9.600000000E+01   4.824527165E+01   1.035729127E+03   9.874833998E+02   2.250000000E+01   5.511553181E-02   6.338465601E+01   0.000000000E+00   6.000000000E+01   7.180832120E+00   9.683596437E+01   4.824527165E+01   6.083330910E+00   1.233757376E+01   4.256712654E-02   0.000000000E+00   0.000000000E+00   1.238014089E+01   1.773853593E+00   6.992459715E-03   0.000000000E+00   0.000000000E+00   1.780846052E+00   6.150275716E+00   7.454676056E-01   0.000000000E+00   0.000000000E+00   6.895743322E+00   1.814118124E+01   1.550274414E+00   0.000000000E+00   0.000000000E+00   1.969145565E+01   2.524065131E+00   3.356392579E-01   0.000000000E+00   0.000000000E+00   2.859704389E+00   4.349298791E+00   1.722203340E-02   0.000000000E+00   0.000000000E+00   4.366520825E+00 
  6.400000000E+01   2.500000000E+00   6.215152399E+01  -6.215149466E+01   4.023825264E+01   2.191324262E+01   9.424265640E+01   1.833010988E-03   6.540274173E+01   5.623059585E+03   9.600000000E+01   4.820439755E+01   8.372714353E+02   7.890668419E+02   2.250000000E+01   7.312007115E-01   5.956035889E+01   0.000000000E+00   6.000000000E+01  -2.850799111E+00  -9.518054506E+01   4.820439755E+01   7.578898329E+00   1.273513207E+01   3.929134764E-02   0.000000000E+00   0.000000000E+00   1.277442342E+01   1.454196841E+00   5.528303113E-03   0.000000000E+00   0.000000000E+00   1.459725144E+00   6.745711490E+00   8.806514446E-01   0.000000000E+00   0.000000000E+00   7.626362934E+00   1.707941037E+01   1.623330080E+00   0.000000000E+00   0.000000000E+00   1.870274045E+01   1.863289976E+00   2.979878225E-01   0.000000000E+00   0.000000000E+00   2.161277799E+00   5.082289540E+00   1.803226914E-02   0.000000000E+00   0.000000000E+00   5.100321809E+00 
  7.200000000E+01   2.500000000E+00  -5.832655962E+01  -5.832658852E+01   4.064300324E+01   1.768358558E+01   8.798757339E+01  -1.232655536E-02   7.498065582E+01   5.946829541E+03   9.600000000E+01   4.816237948E+01   4.009390175E+02   3.527765123E+02   2.250000000E+01  -4.755439500E-01   6.333295251E+01   0.000000000E+00   6.000000000E+01   7.095883327E+00   9.677317775E+01   4.816237948E+01   8.090541887E+00   1.230575888E+01   3.861776098E-02   0.000000000E+00   0.000000000E+00   1.234437664E+01   1.060970642E+00   3.743622261E-03   0.000000000E+00   0.000000000E+00   1.064714264E+00   7.856390737E+00   9.919822634E-01   0.000000000E+00   0.000000000E+00   8.848373001E+00   1.695852554E+01   1.609388535E+00   0.000000000E+00   0.000000000E+00   1.856791408E+01   1.475315749E+00   2.423796801E-01   0.000000000E+00   0.000000000E+00   1.717695429E+00   5.344828465E+00   2.202604181E-02   0.000000000E+00   0.000000000E+00   5.366854506E+00 
  8.000000000E+01   2.500000000E+00   6.116206752E+01  -6.116203820E+01   4.487096659E+01   1.629107223E+01   9.579619480E+01   4.248661077E-03   8.210461335E+01   5.526546360E+03   9.600000000E+01   4.820939785E+01   1.146802428E+03   1.098593088E+03   2.250000000E+01   9.156017192E-01   5.995533738E+01   0.000000000E+00   6.000000000E+01  -2.201694418E+00  -9.514873425E+01   4.820939785E+01   9.476010301E+00   1.189491250E+01   4.147622354E-02   0.000000000E+00   0.000000000E+00   1.193638873E+01   7.489040456E-01   3.208301365E-03   0.000000000E+00   0.000000000E+00   7.521123470E-01   9.318162661E+00   1.088060541E+00   0.000000000E+00   0.000000000E+00   1.040622320E+01   1.658392846E+01   1.672536950E+00   0.000000000E+00   0.000000000E+00   1.825646541E+01   1.018684959E+00   2.021774548E-01   0.000000000E+00   0.000000000E+00   1.220862414E+00   5.590037720E+00   2.419184358E-02   0.000000000E+00   0.000000000E+00   5.614229563E+00 
  8.800000000E+01   2.500000000E+00  -1.325534078E+01  -5.983007840E+01   4.657470879E+01   1.325537022E+01   9.185303017E+01   1.479571673E-02   8.850781937E+01   5.582687681E+03   9.600000000E+01   4.823814334E+01   5.920978228E+02   5.438597918E+02   2.250000000E+01  -5.513082657E-01   6.108080221E+01   0.000000000E+00   6.000000000E+01   1.822210798E+00   8.326809514E-01   4.823814334E+01   1.023821470E+01   1.131262186E+01   4.069974779E-02   0.000000000E+00   0.000000000E+00   1.135332161E+01   4.681608567E-01   2.416932783E-03   0.000000000E+00   0.000000000E+00   4.705777895E-01   9.940020757E+00   1.169711104E+00   0.000000000E+00   0.000000000E+00   1.110973186E+01   1.636200514E+01   1.610928796E+00   0.000000000E+00   0.000000000E+00   1.797293394E+01   6.411544000E-01   1.661894727E-01   0.000000000E+00   0.000000000E+00   8.073438727E-01   6.631466479E+00   2.626656588E-02   0.000000000E+00   0.000000000E+00   6.657733045E+00 
  9.600000000E+01   2.500000000E+00   5.576996989E+01  -5.576994056E+01   4.693975110E+01   8.830190083E+00   9.508729775E+01  -1.541677755E-02   9.433064363E+01   2.855358616E-03   9.600000000E+01   4.823692730E+01   9.818764412E+02   9.336397752E+02   2.250000000E+01   1.769502446E+00   5.670724126E+01   0.000000000E+00   6.000000000E+01  -9.880853582E+00  -9.512121091E+01   4.823692730E+01   1.070138599E+01   1.063678685E+01   3.543095862E-02   0.000000000E+00   0.000000000E+00   1.067221781E+01   2.481548469E-01   1.774706791E-03   0.000000000E+00   0.000000000E+00   2.499295536E-01   1.119142936E+01   1.187438114E+00   0.000000000E+00   0.000000000E+00   1.237886747E+01   1.586038447E+01   1.522281385E+00   0.000000000E+00   0.000000000E+00   1.738266585E+01   4.097505858E-01   1.314487218E-01   0.000000000E+00   0.000000000E+00   5.411993076E-01   6.839067132E+00   2.553868095E-02   0.000000000E+00   0.000000000E+00   6.864605813E+00 
  0.000000000E+00   3.000000000E+00   5.899393716E+01  -5.899390784E+01   1.966174962E+01   3.933215885E+01   9.330230088E+01   1.523998863E-03  -2.022291361E+00  -1.746979021E+03   9.600000000E+01   4.803140922E+01   7.171328257E+02   6.691014268E+02   2.700000000E+01  -7.615612065E-01   5.677922956E+01   0.000000000E+00   6.000000000E+01  -9.206721064E+00  -9.530581699E+01   4.803140922E+01  -1.497074401E-01   1.189526951E+01   4.198297441E-02   0.000000000E+00   0.000000000E+00   1.193725249E+01   4.867238315E+00   1.994875674E-02   0.000000000E+00   0.000000000E+00   4.887187072E+00   1.832966788E+00   2.538040326E-01   0.000000000E+00   0.000000000E+00   2.086770820E+00   1.798670251E+01   1.516921071E+00   0.000000000E+00   0.000000000E+00   1.950362358E+01   7.476199488E+00   8.365042866E-01   0.000000000E+00   0.000000000E+00   8.312703774E+00   1.276692765E+00   4.805626723E-03   0.000000000E+00   0.000000000E+00   1.281498391E+00 
  8.000000000E+00   3.000000000E+00  -5.984359373E+01  -5.984362264E+01   2.324557166E+01   3.659805126E+01   9.537713129E+01   4.305944838E-03   1.067003311E+01   5.933325009E+03   9.600000000E+01   4.824349895E+01   1.043587330E+03   9.953436576E+02   2.700000000E+01   8.156757836E-01   6.229988365E+01   0.000000000E+00   6.000000000E+01   4.944718923E+00   9.666783708E+01   4.824349895E+01   1.195244376E+00   1.245874508E+01   4.396236688E-02   0.000000000E+00   0.000000000E+00   1.250270744E+01   4.551961447E+00   1.875025713E-02   0.000000000E+00   0.000000000E+00   4.570711704E+00   2.145853719E+00   3.442581611E-01   0.000000000E+00   0.000000000E+00   2.490111880E+00   1.775287564E+01   1.712734223E+00   0.000000000E+00   0.000000000E+00   1.946560987E+01   6.477209525E+00   8.692357866E-01   0.000000000E+00   0.000000000E+00   7.346445312E+00   1.715806621E+00   6.450534936E-03   0.000000000E+00   0.000000000E+00   1.722257156E+00 
  1.600000000E+01   3.000000000E+00  -5.714615385E+01  -5.714618273E+01   2.376678794E+01   3.337939510E+01   8.927431614E+01   1.406745882E-02   1.727242036E+01  -5.947653654E+03   9.600000000E+01   4.821773585E+01   4.495550366E+02   4.013371846E+02   2.700000000E+01   3.688382361E-01   6.222958160E+01   0.000000000E+00   6.000000000E+01   4.331838075E+00   9.672474028E+01   4.821773585E+01   1.711550087E+00   1.215587537E+01   3.996931584E-02   0.000000000E+00   0.000000000E+00   1.219584469E+01   3.875207997E+00   1.527900384E-02   0.000000000E+00   0.000000000E+00   3.890487001E+00   2.845153299E+00   3.949366396E-01   0.000000000E+00   0.000000000E+00   3.240089938E+00   1.835350101E+01   1.654422190E+00   0.000000000E+00   0.000000000E+00   2.000792320E+01   5.983547863E+00   7.460752601E-01   0.000000000E+00   0.000000000E+00   6.729623123E+00   1.925302513E+00   7.107504525E-03   0.000000000E+00   0.000000000E+00   1.932410018E+00 
  2.400000000E+01   3.000000000E+00  -6.027320116E+01  -6.027323005E+01   2.739215662E+01   3.288107373E+01   9.191077620E+01  -1.006743518E-02   2.565509574E+01   6.038044803E+03   9.600000000E+01   4.819855957E+01   5.958383878E+02   5.476396872E+02   2.700000000E+01   2.478537357E-01   6.298405894E+01   0.000000000E+00   6.000000000E+01   6.025714270E+00   9.666887576E+01   4.819855957E+01   2.752978147E+00   1.224473888E+01   4.026513505E-02   0.000000000E+00   0.000000000E+00   1.228500402E+01   3.469421271E+00   1.347916188E-02   0.000000000E+00   0.000000000E+00   3.482900433E+00   3.434798475E+00   4.680864246E-01   0.000000000E+00   0.000000000E+00   3.902884900E+00   1.861825296E+01   1.650845668E+00   0.000000000E+00   0.000000000E+00   2.026909862E+01   5.201748481E+00   6.703773523E-01   0.000000000E+00   0.000000000E+00   5.872125833E+00   2.318319096E+00   8.752009856E-03   0.000000000E+00   0.000000000E+00   2.327071106E+00 
  3.200000000E+01   3.000000000E+00   6.071077469E+01  -6.071074536E+01   2.981246824E+01   3.089827774E+01  -7.642865102E+02   1.093991598E-03   3.101681637E+01   5.484463713E+03   9.600000000E+01   4.817484464E+01   5.573946986E+00  -4.260092490E+01   2.700000000E+01   1.917035340E-01   5.713124613E+01   0.000000000E+00   6.000000000E+01  -8.586840457E+00  -9.528208977E+01   4.817484464E+01   3.642682775E+00   1.321647712E+01   4.479042379E-02   0.000000000E+00   0.000000000E+00   1.326126754E+01   3.317354347E+00   1.309876536E-02   0.000000000E+00   0.000000000E+00   3.330453112E+00   3.728427607E+00   5.646408993E-01   0.000000000E+00   0.000000000E+00   4.293068506E+00   1.795066119E+01   1.725935160E+00   0.000000000E+00   0.000000000E+00   1.967659635E+01   4.172048893E+00   6.208795960E-01   0.000000000E+00   0.000000000E+00   4.792928489E+00   3.084921529E+00   1.205088470E-02   0.000000000E+00   0.000000000E+00   3.096972414E+00 
  4.000000000E+01   3.000000000E+00  -5.854500222E+01  -5.854503112E+01   3.151013233E+01   2.703489910E+01   9.250241219E+01   1.977923961E-02   4.296741609E+01  -2.847296329E+03   9.600000000E+01   4.816275424E+01   6.423801626E+02   5.942171459E+02   2.700000000E+01   9.178244541E-02   6.338475399E+01   0.000000000E+00   6.000000000E+01   6.992270089E+00   9.678222850E+01   4.816275424E+01   4.555751206E+00   1.160589668E+01   4.047425398E-02   0.000000000E+00   0.000000000E+00   1.164637093E+01   2.403741796E+00   9.510493914E-03   0.000000000E+00   0.000000000E+00   2.413252290E+00   5.092388597E+00   5.809353327E-01   0.000000000E+00   0.000000000E+00   5.673323930E+00   1.961484470E+01   1.648965798E+00   0.000000000E+00   0.000000000E+00   2.126381050E+01   3.837851520E+00   5.068803098E-01   0.000000000E+00   0.000000000E+00   4.344731830E+00   3.086947268E+00   1.191707361E-02   0.000000000E+00   0.000000000E+00   3.098864342E+00 
  4.800000000E+01   3.000000000E+00   5.833664788E+01  -5.833661856E+01   3.316795380E+01   2.516866537E+01   9.036007192E+01   1.302403930E-02   4.779289724E+01  -5.725673150E+03   9.600000000E+01   4.821147678E+01   5.001247498E+02   4.519130836E+02   2.700000000E+01   3.471203872E-03   5.981864691E+01   0.000000000E+00   6.000000000E+01  -1.919929061E+00  -9.516695448E+01   4.821147678E+01   5.201653055E+00   1.136726228E+01   3.996277659E-02   0.000000000E+00   0.000000000E+00   1.140722505E+01   1.951807841E+00   7.600557927E-03   0.000000000E+00   0.000000000E+00   1.959408399E+00   5.728446516E+00   6.533753163E-01   0.000000000E+00   0.000000000E+00   6.381821832E+00   1.972299175E+01   1.650763743E+00   0.000000000E+00   0.000000000E+00   2.137375549E+01   3.220025755E+00   4.298062665E-01   0.000000000E+00   0.000000000E+00   3.649832021E+00   3.624300528E+00   1.390252402E-02   0.000000000E+00   0.000000000E+00   3.638203052E+00 
  5.600000000E+01   3.000000000E+00   6.067249601E+01  -6.067246667E+01   3.650512161E+01   2.416734567E+01   9.274114977E+01   1.389587249E-03   5.453383385E+01   5.479915989E+03   9.600000000E+01   4.824450586E+01   6.646294167E+02   6.163849627E+02   2.700000000E+01   6.066513270E-01   5.755010759E+01   0.000000000E+00   6.000000000E+01  -7.244534429E+00  -9.522483298E+01   4.824450586E+01   6.258524102E+00   1.177142823E+01   4.455212624E-02   0.000000000E+00   0.000000000E+00   1.181598036E+01   1.761991803E+00   7.100553973E-03   0.000000000E+00   0.000000000E+00   1.769092357E+00   6.264253975E+00   8.247204459E-01   0.000000000E+00   0.000000000E+00   7.088974421E+00   1.879628327E+01   1.718492185E+00   0.000000000E+00   0.000000000E+00   2.051477545E+01   2.663253579E+00   3.440100390E-01   0.000000000E+00   0.000000000E+00   3.007263618E+00   4.037583105E+00   1.760512727E-02   0.000000000E+00   0.000000000E+00   4.055188232E+00 
  6.400000000E+01   3.000000000E+00   5.930103083E+01  -5.930100152E+01   3.923461549E+01   2.006638664E+01   8.559156015E+01   9.196547809E-03   6.469261376E+01  -5.346856923E+03   9.600000000E+01   4.820102319E+01   3.345311123E+02   2.863303982E+02   2.700000000E+01   1.653687597E+00   5.680967331E+01   0.000000000E+00   6.000000000E+01  -9.759084534E+00  -9.514443369E+01   4.820102319E+01   7.477197254E+00   1.180846375E+01   4.336008589E-02   0.000000000E+00   0.000000000E+00   1.185182384E+01   1.367873109E+00   5.468689362E-03   0.000000000E+00   0.000000000E+00   1.373341798E+00   7.265687145E+00   9.202766117E-01   0.000000000E+00   0.000000000E+00   8.185963757E+00   1.821376059E+01   1.714234632E+00   0.000000000E+00   0.000000000E+00   1.992799522E+01   1.971921976E+00   2.998597692E-01   0.000000000E+00   0.000000000E+00   2.271781746E+00   4.616100814E+00   2.016692038E-02   0.000000000E+00   0.000000000E+00   4.636267735E+00 
  7.200000000E+01   3.000000000E+00   6.175840741E+01  -6.175837808E+01   4.196115619E+01   1.979722252E+01   6.222984615E+01  -1.643664049E-02   7.203962853E+01   5.584683885E+03   9.600000000E+01   4.817731787E+01   1.275535201E+02   7.937635933E+01   2.700000000E+01   2.211448985E-01   5.961891467E+01   0.000000000E+00   6.000000000E+01  -2.327722477E+00  -9.516915247E+01   4.817731787E+01   8.266062511E+00   1.215688394E+01   4.133237401E-02   0.000000000E+00   0.000000000E+00   1.219821631E+01   1.034950269E+00   4.029052669E-03   0.000000000E+00   0.000000000E+00   1.038979322E+00   8.101409067E+00   8.907691723E-01   0.000000000E+00   0.000000000E+00   8.992178239E+00   1.717499643E+01   1.516566857E+00   0.000000000E+00   0.000000000E+00   1.869156329E+01   1.518273522E+00   2.236095013E-01   0.000000000E+00   0.000000000E+00   1.741883023E+00   5.217237317E+00   2.129884121E-02   0.000000000E+00   0.000000000E+00   5.238536158E+00 
  8.000000000E+01   3.000000000E+00  -5.645079513E+01  -5.645082399E+01   4.232880748E+01   1.412201683E+01   8.959676804E+01  -3.903463492E-03   8.279526196E+01  -1.601753977E+03   9.600000000E+01   4.822098110E+01   4.635201815E+02   4.152991018E+02   2.700000000E+01  -7.051616289E-01   6.317729287E+01   0.000000000E+00   6.000000000E+01   6.784189328E+00   9.685256420E+01   4.822098110E+01   8.905868516E+00   1.085462304E+01   3.776242546E-02   0.000000000E+00   0.000000000E+00   1.089238546E+01   7.183673031E-01   2.877915724E-03   0.000000000E+00   0.000000000E+00   7.212452188E-01   9.170881720E+00   1.043052556E+00   0.000000000E+00   0.000000000E+00   1.021393428E+01   1.780798580E+01   1.582135454E+00   0.000000000E+00   0.000000000E+00   1.939012125E+01   1.029936095E+00   1.944336715E-01   0.000000000E+00   0.000000000E+00   1.224369766E+00   5.723223251E+00   2.188371450E-02   0.000000000E+00   0.000000000E+00   5.745106966E+00 
  8.800000000E+01   3.000000000E+00   5.620875567E+01  -5.620872634E+01   4.417586918E+01   1.203285777E+01   8.957315568E+01  -8.198127709E-03   8.595644593E+01  -5.213727546E+03   9.600000000E+01   4.824217781E+01   4.626714814E+02   4.144294463E+02   2.700000000E+01   5.691129071E-01   5.745899489E+01   0.000000000E+00   6.000000000E+01  -8.110182453E+00  -9.512123342E+01   4.824217781E+01   9.597497403E+00   1.194981771E+01   3.687802123E-02   0.000000000E+00   0.000000000E+00   1.198669573E+01   4.029173191E-01   2.125308308E-03   0.000000000E+00   0.000000000E+00   4.050426274E-01   1.077205364E+01   1.167725760E+00   0.000000000E+00   0.000000000E+00   1.193977940E+01   1.531683726E+01   1.561455193E+00   0.000000000E+00   0.000000000E+00   1.687829245E+01   7.068440416E-01   1.591387831E-01   0.000000000E+00   0.000000000E+00   8.659828246E-01   5.762266779E+00   2.656959081E-02   0.000000000E+00   0.000000000E+00   5.788836370E+00 
  9.600000000E+01   3.000000000E+00   5.834269025E+01  -5.834266092E+01   4.719189069E+01   1.115077085E+01   9.501170109E+01   7.065899730E-05   9.322906162E+01   5.252614169E+03   9.600000000E+01   4.823182374E+01   9.668923031E+02   9.186608249E+02   2.700000000E+01  -3.570089722E-01   5.864190849E+01   0.000000000E+00   6.000000000E+01  -5.221470676E+00  -9.515430074E+01   4.823182374E+01   1.054460953E+01   1.127667350E+01   3.966043426E-02   0.000000000E+00   0.000000000E+00   1.131633394E+01   2.482482455E-01   1.888514183E-03   0.000000000E+00   0.000000000E+00   2.501367597E-01   1.099881903E+01   1.068393389E+00   0.000000000E+00   0.000000000E+00   1.206721242E+01   1.536813042E+01   1.574697573E+00   0.000000000E+00   0.000000000E+00   1.694282799E+01   3.667858805E-01   1.335801499E-01   0.000000000E+00   0.000000000E+00   5.003660305E-01   7.235824700E+00   2.515166662E-02   0.000000000E+00   0.000000000E+00   7.260976366E+00 
  0.000000000E+00   3.500000000E+00   2.971489721E-05  -6.250454207E+01   2.138815333E+01   4.111638964E+01   9.569527080E+01   3.169771541E-08  -6.479382252E-01   5.706492966E+03   9.600000000E+01   4.802251794E+01   1.115577118E+03   1.067554544E+03   3.150000000E+01  -2.287772833E-01   6.050610608E+01   0.000000000E+00   6.000000000E+01   2.785396689E-02   6.531835116E-01   4.802251794E+01   8.831661642E-02   1.270051838E+01   4.404220120E-02   0.000000000E+00   0.000000000E+00   1.274456058E+01   5.221253959E+00   2.063521661E-02   0.000000000E+00   0.000000000E+00   5.241889175E+00   1.717653644E+00   2.808349833E-01   0.000000000E+00   0.000000000E+00   1.998488627E+00   1.690379423E+01   1.676901477E+00   0.000000000E+00   0.000000000E+00   1.858069571E+01   7.033915916E+00   9.343764805E-01   0.000000000E+00   0.000000000E+00   7.968292396E+00   1.361324885E+00   5.045312073E-03   0.000000000E+00   0.000000000E+00   1.366370197E+00 
  8.000000000E+00   3.500000000E+00   6.207883993E+01  -6.207881060E+01   2.375975660E+01   3.831905461E+01   9.358166661E+01  -1.713719441E-02   8.019775173E+00   5.618113570E+03   9.600000000E+01   4.823080047E+01   7.514602914E+02   7.032290646E+02   3.150000000E+01  -3.971441119E-03   5.910305037E+01   0.000000000E+00   6.000000000E+01  -3.792788819E+00  -9.531981804E+01   4.823080047E+01   1.099051028E+00   1.157388819E+01   4.392041831E-02   0.000000000E+00   0.000000000E+00   1.161780861E+01   4.355879571E+00   1.818345086E-02   0.000000000E+00   0.000000000E+00   4.374063022E+00   2.361926192E+00   3.468085591E-01   0.000000000E+00   0.000000000E+00   2.708734751E+00   1.882485774E+01   1.722849178E+00   0.000000000E+00   0.000000000E+00   2.054770691E+01   6.615922599E+00   7.742905798E-01   0.000000000E+00   0.000000000E+00   7.390213179E+00   1.585568451E+00   6.532985871E-03   0.000000000E+00   0.000000000E+00   1.592101437E+00 
  1.600000000E+01   3.500000000E+00   5.851653326E+01  -5.851650392E+01   2.412124434E+01   3.439526022E+01   9.371769972E+01  -2.370617082E-02   1.456294904E+01  -5.446944807E+03   9.600000000E+01   4.819038211E+01   7.670819318E+02   7.188915415E+02   3.150000000E+01  -1.637088661E-01   5.704234031E+01   0.000000000E+00   6.000000000E+01  -8.742910980E+00  -9.526108085E+01   4.819038211E+01   1.673124135E+00   1.201464553E+01   4.431945297E-02   0.000000000E+00   0.000000000E+00   1.205896498E+01   4.047158661E+00   1.713213393E-02   0.000000000E+00   0.000000000E+00   4.064290795E+00   2.699468489E+00   4.078952073E-01   0.000000000E+00   0.000000000E+00   3.107363696E+00   1.881986946E+01   1.724015289E+00   0.000000000E+00   0.000000000E+00   2.054388475E+01   5.885786248E+00   7.954280934E-01   0.000000000E+00   0.000000000E+00   6.681214342E+00   2.010319792E+00   7.833236739E-03   0.000000000E+00   0.000000000E+00   2.018153028E+00 
  2.400000000E+01   3.500000000E+00  -6.097231011E+01  -6.097233900E+01   2.811697819E+01   3.285536111E+01   9.507604827E+01   7.933751421E-03   2.649785460E+01   5.968076489E+03   9.600000000E+01   4.818529684E+01   9.785926533E+02   9.304072235E+02   3.150000000E+01   5.548835721E-01   6.222891145E+01   0.000000000E+00   6.000000000E+01   4.606766388E+00   9.670712382E+01   4.818529684E+01   2.968438482E+00   1.300812687E+01   4.518830037E-02   0.000000000E+00   0.000000000E+00   1.305331517E+01   3.503312666E+00   1.457892774E-02   0.000000000E+00   0.000000000E+00   3.517891594E+00   3.423015704E+00   5.092254101E-01   0.000000000E+00   0.000000000E+00   3.932241114E+00   1.764871720E+01   1.726859064E+00   0.000000000E+00   0.000000000E+00   1.937557627E+01   4.992214484E+00   6.952584682E-01   0.000000000E+00   0.000000000E+00   5.687472952E+00   2.440379952E+00   9.727169714E-03   0.000000000E+00   0.000000000E+00   2.450107122E+00 
  3.200000000E+01   3.500000000E+00   6.092697367E+01  -6.092694434E+01   2.963228339E+01   3.129466157E+01   9.124600603E+01  -1.683560892E-02   3.035144680E+01   5.505454780E+03   9.600000000E+01   4.819002454E+01   5.504930066E+02   5.023028820E+02   3.150000000E+01  -7.520783147E-02   5.735375298E+01   0.000000000E+00   6.000000000E+01  -7.749745072E+00  -9.528117127E+01   4.819002454E+01   3.537366262E+00   1.208052439E+01   4.284028012E-02   0.000000000E+00   0.000000000E+00   1.212336467E+01   3.092629393E+00   1.278491179E-02   0.000000000E+00   0.000000000E+00   3.105414305E+00   3.964163421E+00   5.127116200E-01   0.000000000E+00   0.000000000E+00   4.476875041E+00   1.912549347E+01   1.569414813E+00   0.000000000E+00   0.000000000E+00   2.069490828E+01   4.561179199E+00   5.782415651E-01   0.000000000E+00   0.000000000E+00   5.139420764E+00   2.717969241E+00   1.108099959E-02   0.000000000E+00   0.000000000E+00   2.729050240E+00 
  4.000000000E+01   3.500000000E+00   6.182476952E+01  -6.182474018E+01   3.238626002E+01   2.943848077E+01   9.282343068E+01  -4.412330611E-03   3.887917374E+01   5.592241545E+03   9.600000000E+01   4.817615537E+01   6.712937957E+02   6.231179311E+02   3.150000000E+01  -3.157794447E-02   5.828333156E+01   0.000000000E+00   6.000000000E+01  -5.622064889E+00  -9.525021613E+01   4.817615537E+01   4.515313737E+00   1.306546299E+01   4.474882776E-02   0.000000000E+00   0.000000000E+00   1.311021182E+01   2.681119427E+00   1.073390602E-02   0.000000000E+00   0.000000000E+00   2.691853333E+00   4.580413109E+00   6.675225061E-01   0.000000000E+00   0.000000000E+00   5.247935615E+00   1.791602544E+01   1.732774037E+00   0.000000000E+00   0.000000000E+00   1.964879948E+01   3.633213150E+00   5.455897865E-01   0.000000000E+00   0.000000000E+00   4.178802937E+00   3.397358057E+00   1.371520764E-02   0.000000000E+00   0.000000000E+00   3.411073265E+00 
  4.800000000E+01   3.500000000E+00  -6.142428936E+01  -6.142431825E+01   3.495353242E+01   2.647078613E+01   9.470363307E+01   1.013479941E-02   4.984781895E+01   5.912851090E+03   9.600000000E+01   4.820379885E+01   9.101285690E+02   8.619248204E+02   3.150000000E+01   9.694841002E-02   6.178868713E+01   0.000000000E+00   6.000000000E+01   3.096898189E+00   9.674456060E+01   4.820379885E+01   5.581980604E+00   1.257541824E+01   4.416246776E-02   0.000000000E+00   0.000000000E+00   1.261958070E+01   2.275763015E+00   9.063319354E-03   0.000000000E+00   0.000000000E+00   2.284826334E+00   5.297126817E+00   7.521719685E-01   0.000000000E+00   0.000000000E+00   6.049298786E+00   1.812426894E+01   1.737503870E+00   0.000000000E+00   0.000000000E+00   1.986177281E+01   3.055094577E+00   5.068385229E-01   0.000000000E+00   0.000000000E+00   3.561933100E+00   3.804190340E+00   1.550180034E-02   0.000000000E+00   0.000000000E+00   3.819692141E+00 
  5.600000000E+01   3.500000000E+00  -5.651101611E+01  -5.651104502E+01   3.478312477E+01   2.172792054E+01   9.498760778E+01   1.741230857E-02   5.713600488E+01  -5.886492709E+03   9.600000000E+01   4.820298368E+01   9.616691824E+02   9.134665511E+02   3.150000000E+01  -2.534632036E-01   6.175756567E+01   0.000000000E+00   6.000000000E+01   3.092335684E+00   9.681177899E+01   4.820298368E+01   6.012781816E+00   1.281240352E+01   3.987964253E-02   0.000000000E+00   0.000000000E+00   1.285228316E+01   1.773759339E+00   6.114869683E-03   0.000000000E+00   0.000000000E+00   1.779874208E+00   5.978536415E+00   8.369059336E-01   0.000000000E+00   0.000000000E+00   6.815442349E+00   1.745653504E+01   1.636896954E+00   0.000000000E+00   0.000000000E+00   1.909343200E+01   2.443890822E+00   3.547525022E-01   0.000000000E+00   0.000000000E+00   2.798643324E+00   4.516928781E+00   1.798247315E-02   0.000000000E+00   0.000000000E+00   4.534911254E+00 
  6.400000000E+01   3.500000000E+00   5.858928192E+01  -5.858925260E+01   3.816434170E+01   2.042491150E+01   9.299893229E+01   1.379001554E-02   6.238245499E+01   2.855358616E-03   9.600000000E+01   4.820849342E+01   6.885886303E+02   6.403800740E+02   3.150000000E+01   7.698281801E-01   5.641641733E+01   0.000000000E+00   6.000000000E+01  -1.024458871E+01  -9.516372929E+01   4.820849342E+01   7.098946462E+00   1.222664245E+01   4.321068880E-02   0.000000000E+00   0.000000000E+00   1.226985314E+01   1.421103688E+00   5.309176180E-03   0.000000000E+00   0.000000000E+00   1.426412865E+00   6.946927892E+00   9.301565156E-01   0.000000000E+00   0.000000000E+00   7.877084408E+00   1.777454094E+01   1.716694306E+00   0.000000000E+00   0.000000000E+00   1.949123525E+01   1.924696632E+00   3.048623795E-01   0.000000000E+00   0.000000000E+00   2.229559012E+00   4.941933466E+00   1.978058574E-02   0.000000000E+00   0.000000000E+00   4.961714052E+00 
  7.200000000E+01   3.500000000E+00  -5.653657342E+01  -5.653660232E+01   3.947852458E+01   1.705807804E+01   8.258064019E+01  -6.078617885E-04   7.358425002E+01  -5.889167937E+03   9.600000000E+01   4.816206700E+01   2.764863392E+02   2.283241889E+02   3.150000000E+01  -7.176103844E-01   6.266727438E+01   0.000000000E+00   6.000000000E+01   5.374983619E+00   9.685144930E+01   4.816206700E+01   7.798396838E+00   1.232531060E+01   4.216153161E-02   0.000000000E+00   0.000000000E+00   1.236747213E+01   9.662726972E-01   4.063557518E-03   0.000000000E+00   0.000000000E+00   9.703362548E-01   8.616633210E+00   1.009937498E+00   0.000000000E+00   0.000000000E+00   9.626570709E+00   1.713027828E+01   1.702888991E+00   0.000000000E+00   0.000000000E+00   1.883316727E+01   1.580993705E+00   2.489242828E-01   0.000000000E+00   0.000000000E+00   1.829917988E+00   4.783204827E+00   2.177937186E-02   0.000000000E+00   0.000000000E+00   4.804984199E+00 
  8.000000000E+01   3.500000000E+00  -5.624271462E+01  -5.624274353E+01   4.216105788E+01   1.408168593E+01   9.513756370E+01  -3.012899725E-03   8.259745839E+01  -1.595786729E+03   9.600000000E+01   4.820281177E+01   9.913311356E+02   9.431282906E+02   3.150000000E+01  -6.559992922E-01   6.300340857E+01   0.000000000E+00   6.000000000E+01   6.339197054E+00   9.685078340E+01   4.820281177E+01   8.858721335E+00   1.075438476E+01   3.736441304E-02   0.000000000E+00   0.000000000E+00   1.079174917E+01   7.720344623E-01   2.957760806E-03   0.000000000E+00   0.000000000E+00   7.749922231E-01   8.971633728E+00   1.081890453E+00   0.000000000E+00   0.000000000E+00   1.005352418E+01   1.800012238E+01   1.595487944E+00   0.000000000E+00   0.000000000E+00   1.959561033E+01   1.042867728E+00   1.978869962E-01   0.000000000E+00   0.000000000E+00   1.240754724E+00   5.788190361E+00   2.427727615E-02   0.000000000E+00   0.000000000E+00   5.812467637E+00 
  8.800000000E+01   3.500000000E+00  -1.321189609E+01  -5.950955881E+01   4.629763390E+01   1.321192553E+01   9.655123919E+01  -1.005959153E-02   8.771536123E+01   5.624506110E+03   9.600000000E+01   4.822100195E+01   1.398218762E+03   1.349997541E+03   3.150000000E+01  -1.172378835E+00   6.134810087E+01   0.000000000E+00   6.000000000E+01   3.293677521E+00   8.443368319E-01   4.822100195E+01   1.015212473E+01   1.142603796E+01   4.101228238E-02   0.000000000E+00   0.000000000E+00   1.146705024E+01   4.961230674E-01   2.543011745E-03   0.000000000E+00   0.000000000E+00   4.986660791E-01   9.644585576E+00   1.160431186E+00   0.000000000E+00   0.000000000E+00   1.080501676E+01   1.611437923E+01   1.612231022E+00   0.000000000E+00   0.000000000E+00   1.772661025E+01   6.339283271E-01   1.635385767E-01   0.000000000E+00   0.000000000E+00   7.974669037E-01   6.763163641E+00   2.661722905E-02   0.000000000E+00   0.000000000E+00   6.789780870E+00 
  9.600000000E+01   3.500000000E+00   5.877788951E+01  -5.877786018E+01   4.905540112E+01   9.722459666E+00   9.577677702E+01   1.245715546E-02   9.821493502E+01   5.294765843E+03   9.600000000E+01   4.819694259E+01   1.141234133E+03   1.093037270E+03   3.150000000E+01   1.263789429E+00   5.975029103E+01   0.000000000E+00   6.000000000E+01  -3.216103402E+00  -9.513390406E+01   4.819694259E+01   1.128964005E+01   1.060905210E+01   3.531552822E-02   0.000000000E+00   0.000000000E+00   1.064436762E+01   2.447583113E-01   1.767101993E-03   0.000000000E+00   0.000000000E+00   2.465254133E-01   1.108754682E+01   1.200403122E+00   0.000000000E+00   0.000000000E+00   1.228794994E+01   1.580055422E+01   1.520865019E+00   0.000000000E+00   0.000000000E+00   1.732141924E+01   3.588565205E-01   1.311946258E-01   0.000000000E+00   0.000000000E+00   4.900511462E-01   7.068011569E+00   2.571332468E-02   0.000000000E+00   0.000000000E+00   7.093724894E+00 
  0.000000000E+00   4.000000000E+00   2.972910806E-05  -6.250476507E+01   2.138828953E+01   4.111647641E+01   9.569540069E+01   2.732405475E-04  -6.486079620E-01   5.706475400E+03   9.600000000E+01   4.802128664E+01   1.115582112E+03   1.067560772E+03   3.600000000E+01  -2.289634802E-01   6.050591538E+01   0.000000000E+00   6.000000000E+01   2.689989196E-02   6.531765780E-01   4.802128664E+01   8.833496620E-02   1.270051227E+01   4.404226349E-02   0.000000000E+00   0.000000000E+00   1.274455454E+01   5.220965136E+00   2.063414265E-02   0.000000000E+00   0.000000000E+00   5.241599279E+00   1.717834543E+00   2.808571892E-01   0.000000000E+00   0.000000000E+00   1.998691732E+00   1.690386548E+01   1.676911364E+00   0.000000000E+00   0.000000000E+00   1.858077685E+01   7.033504375E+00   9.343405422E-01   0.000000000E+00   0.000000000E+00   7.967844918E+00   1.361501802E+00   5.045913875E-03   0.000000000E+00   0.000000000E+00   1.366547716E+00 
  8.000000000E+00   4.000000000E+00  -5.668736591E+01  -5.668739483E+01   2.159144880E+01   3.509594632E+01   8.743878924E+01  -3.018887837E-03   9.862358460E+00  -5.903069656E+03   9.600000000E+01   4.825517181E+01   3.841612001E+02   3.359059021E+02   3.600000000E+01   5.039515050E-01   6.202250607E+01   0.000000000E+00   6.000000000E+01   4.009016021E+00   9.670264783E+01   4.825517181E+01   9.258938486E-01   1.234416046E+01   4.398880837E-02   0.000000000E+00   0.000000000E+00   1.238814926E+01   4.549316842E+00   1.887896101E-02   0.000000000E+00   0.000000000E+00   4.568195803E+00   2.238818768E+00   3.480903989E-01   0.000000000E+00   0.000000000E+00   2.586909166E+00   1.786100067E+01   1.710245265E+00   0.000000000E+00   0.000000000E+00   1.957124594E+01   6.359137491E+00   8.623631137E-01   0.000000000E+00   0.000000000E+00   7.221500605E+00   1.685577731E+00   6.405782362E-03   0.000000000E+00   0.000000000E+00   1.691983514E+00 
  1.600000000E+01   4.000000000E+00   6.161173010E+01  -6.161170077E+01   2.602409424E+01   3.558760716E+01   9.644836327E+01   2.288373141E-02   1.642009705E+01   5.572477265E+03   9.600000000E+01   4.821357325E+01   1.357503709E+03   1.309290109E+03   3.600000000E+01   4.046882165E-01   5.829269588E+01   0.000000000E+00   6.000000000E+01  -6.161580981E+00  -9.530514209E+01   4.821357325E+01   2.067627979E+00   1.208632018E+01   4.480389084E-02   0.000000000E+00   0.000000000E+00   1.213112407E+01   3.884308196E+00   1.667885165E-02   0.000000000E+00   0.000000000E+00   3.900987048E+00   2.811795499E+00   4.192860834E-01   0.000000000E+00   0.000000000E+00   3.231081582E+00   1.868014331E+01   1.725184260E+00   0.000000000E+00   0.000000000E+00   2.040532757E+01   5.885405652E+00   7.915044843E-01   0.000000000E+00   0.000000000E+00   6.676910136E+00   2.043993587E+00   8.063468484E-03   0.000000000E+00   0.000000000E+00   2.052057056E+00 
  2.400000000E+01   4.000000000E+00   5.840473578E+01  -5.840470645E+01   2.673091353E+01   3.167379353E+01   9.698587814E+01   1.069874104E-02   2.403698294E+01  -5.561447516E+03   9.600000000E+01   4.819317045E+01   1.598918729E+03   1.550725370E+03   3.600000000E+01   2.241714288E-01   5.800130734E+01   0.000000000E+00   6.000000000E+01  -6.612704928E+00  -9.524747701E+01   4.819317045E+01   2.711922963E+00   1.292046785E+01   4.335061801E-02   0.000000000E+00   0.000000000E+00   1.296381847E+01   3.635417938E+00   1.415148939E-02   0.000000000E+00   0.000000000E+00   3.649569428E+00   3.280285399E+00   4.499297212E-01   0.000000000E+00   0.000000000E+00   3.730215120E+00   1.792426475E+01   1.551031445E+00   0.000000000E+00   0.000000000E+00   1.947529619E+01   4.988721711E+00   6.357427153E-01   0.000000000E+00   0.000000000E+00   5.624464427E+00   2.492379397E+00   9.454956419E-03   0.000000000E+00   0.000000000E+00   2.501834353E+00 
  3.200000000E+01   4.000000000E+00  -6.188852521E+01  -6.188855411E+01   3.061654521E+01   3.127200920E+01   9.642676896E+01  -2.380663338E-02   3.386546050E+01   5.918465522E+03   9.600000000E+01   4.817855317E+01   1.348316616E+03   1.300138148E+03   3.600000000E+01   3.140073979E-01   6.165099971E+01   0.000000000E+00   6.000000000E+01   2.874445122E+00   9.673754921E+01   4.817855317E+01   3.837189202E+00   1.299145486E+01   4.497146928E-02   0.000000000E+00   0.000000000E+00   1.303642633E+01   3.131236578E+00   1.270192423E-02   0.000000000E+00   0.000000000E+00   3.143938502E+00   3.963291634E+00   5.855284386E-01   0.000000000E+00   0.000000000E+00   4.548820073E+00   1.802404289E+01   1.731682741E+00   0.000000000E+00   0.000000000E+00   1.975572563E+01   4.221572253E+00   6.259361372E-01   0.000000000E+00   0.000000000E+00   4.847508390E+00   2.944003061E+00   1.187935457E-02   0.000000000E+00   0.000000000E+00   2.955882416E+00 
  4.000000000E+01   4.000000000E+00  -2.976662775E+01  -6.292778195E+01   3.316112536E+01   2.976665720E+01   9.222117256E+01  -2.438172939E-02   3.943078896E+01   5.860225514E+03   9.600000000E+01   4.816341530E+01   6.191596732E+02   5.709963107E+02   3.600000000E+01  -2.523551981E-01   6.105990806E+01   0.000000000E+00   6.000000000E+01   1.394501143E+00   7.523940296E-01   4.816341530E+01   4.725503959E+00   1.278350180E+01   3.971200063E-02   0.000000000E+00   0.000000000E+00   1.282321380E+01   2.678949284E+00   9.907533600E-03   0.000000000E+00   0.000000000E+00   2.688856817E+00   4.624953520E+00   6.210905167E-01   0.000000000E+00   0.000000000E+00   5.246044037E+00   1.809401464E+01   1.676103793E+00   0.000000000E+00   0.000000000E+00   1.977011843E+01   3.826477330E+00   5.375868753E-01   0.000000000E+00   0.000000000E+00   4.364064205E+00   3.141086680E+00   1.207536520E-02   0.000000000E+00   0.000000000E+00   3.153162045E+00 
  4.800000000E+01   4.000000000E+00   6.285420189E+01  -6.285417256E+01   3.568016834E+01   2.717400484E+01   9.524849671E+01  -3.948402257E-03   4.890040768E+01   5.691777467E+03   9.600000000E+01   4.819703508E+01   1.014350096E+03   9.661532179E+02   3.600000000E+01   2.744152676E-01   5.950951344E+01   0.000000000E+00   6.000000000E+01  -2.577379606E+00  -9.521187163E+01   4.819703508E+01   5.710734125E+00   1.199648496E+01   4.418935576E-02   0.000000000E+00   0.000000000E+00   1.204067431E+01   2.147789969E+00   8.639460720E-03   0.000000000E+00   0.000000000E+00   2.156429430E+00   5.554522977E+00   7.627049733E-01   0.000000000E+00   0.000000000E+00   6.317227950E+00   1.882045457E+01   1.743982906E+00   0.000000000E+00   0.000000000E+00   2.056443748E+01   3.116012969E+00   4.619790418E-01   0.000000000E+00   0.000000000E+00   3.577992011E+00   3.667904635E+00   1.565735132E-02   0.000000000E+00   0.000000000E+00   3.683561986E+00 
  5.600000000E+01   4.000000000E+00  -5.692296986E+01  -5.692299877E+01   3.477639842E+01   2.214660063E+01   9.108077933E+01  -6.202064593E-03   5.675522422E+01  -5.926475189E+03   9.600000000E+01   4.822564441E+01   5.406938364E+02   4.924681600E+02   3.600000000E+01  -8.068678056E-01   6.213758791E+01   0.000000000E+00   6.000000000E+01   4.481004964E+00   9.681459541E+01   4.822564441E+01   5.951553202E+00   1.163215243E+01   4.005780408E-02   0.000000000E+00   0.000000000E+00   1.167221024E+01   1.720768158E+00   6.452156778E-03   0.000000000E+00   0.000000000E+00   1.727220315E+00   6.272971002E+00   8.012001514E-01   0.000000000E+00   0.000000000E+00   7.074171153E+00   1.884181976E+01   1.636134722E+00   0.000000000E+00   0.000000000E+00   2.047795448E+01   2.483443821E+00   3.502951839E-01   0.000000000E+00   0.000000000E+00   2.833739005E+00   4.251111340E+00   1.644754617E-02   0.000000000E+00   0.000000000E+00   4.267558887E+00 
  6.400000000E+01   4.000000000E+00   6.231315021E+01  -6.231312088E+01   3.960939847E+01   2.270372302E+01   9.665273150E+01   9.830412662E-03   6.338101635E+01   5.638773978E+03   9.600000000E+01   4.818002456E+01   1.439387283E+03   1.391207126E+03   3.600000000E+01  -2.073892006E-01   5.958140686E+01   0.000000000E+00   6.000000000E+01  -2.601822559E+00  -9.518400708E+01   4.818002456E+01   7.281463390E+00   1.260024955E+01   4.363564705E-02   0.000000000E+00   0.000000000E+00   1.264388520E+01   1.366970670E+00   5.227731450E-03   0.000000000E+00   0.000000000E+00   1.372198402E+00   7.158378891E+00   9.295169443E-01   0.000000000E+00   0.000000000E+00   8.087895835E+00   1.728953899E+01   1.698639712E+00   0.000000000E+00   0.000000000E+00   1.898817871E+01   1.919202471E+00   2.986914441E-01   0.000000000E+00   0.000000000E+00   2.217893915E+00   4.715891765E+00   1.991336509E-02   0.000000000E+00   0.000000000E+00   4.735805130E+00 
  7.200000000E+01   4.000000000E+00   2.974331892E-05  -6.216692344E+01   4.215316424E+01   2.001376011E+01   9.010444574E+01   2.248571405E-02   7.264094102E+01   5.705321025E+03   9.600000000E+01   4.816987942E+01   4.867819546E+02   4.386121822E+02   3.600000000E+01  -2.250694545E-01   6.083462645E+01   0.000000000E+00   6.000000000E+01   8.517587849E-01   8.176272613E-01   4.816987942E+01   8.297395233E+00   1.229336390E+01   4.244903278E-02   0.000000000E+00   0.000000000E+00   1.233581293E+01   1.028048652E+00   4.035104000E-03   0.000000000E+00   0.000000000E+00   1.032083756E+00   8.190249691E+00   9.994521716E-01   0.000000000E+00   0.000000000E+00   9.189701863E+00   1.705137758E+01   1.688938358E+00   0.000000000E+00   0.000000000E+00   1.874031594E+01   1.491208722E+00   2.486855448E-01   0.000000000E+00   0.000000000E+00   1.739894267E+00   5.291371388E+00   2.201408501E-02   0.000000000E+00   0.000000000E+00   5.313385473E+00 
  8.000000000E+01   4.000000000E+00   2.974331892E-05  -6.138784876E+01   4.416647187E+01   1.722137782E+01   9.174227392E+01   3.701170013E-03   8.026079150E+01   5.609218929E+03   9.600000000E+01   4.820926522E+01   5.838059294E+02   5.355968349E+02   3.600000000E+01  -2.860292640E-01   6.052641559E+01   0.000000000E+00   6.000000000E+01   4.272887352E-01   8.280439355E-01   4.820926522E+01   9.145857988E+00   1.147258499E+01   4.301529387E-02   0.000000000E+00   0.000000000E+00   1.151560029E+01   7.363299419E-01   3.240850417E-03   0.000000000E+00   0.000000000E+00   7.395707923E-01   8.862761224E+00   1.085174342E+00   0.000000000E+00   0.000000000E+00   9.947935566E+00   1.728737577E+01   1.842314956E+00   0.000000000E+00   0.000000000E+00   1.912969072E+01   1.065159411E+00   2.265143829E-01   0.000000000E+00   0.000000000E+00   1.291673794E+00   6.073107838E+00   2.426195990E-02   0.000000000E+00   0.000000000E+00   6.097369798E+00 
  8.800000000E+01   4.000000000E+00   5.669845804E+01  -5.669842871E+01   4.568872073E+01   1.100970859E+01   9.472830150E+01  -7.138207271E-03   8.830011560E+01  -1.001112893E+03   9.600000000E+01   4.820351980E+01   9.143787829E+02   8.661754903E+02   3.600000000E+01   1.354859680E+00   5.814806502E+01   0.000000000E+00   6.000000000E+01  -6.119175078E+00  -9.513197632E+01   4.820351980E+01   1.018605291E+01   1.188386650E+01   4.138978923E-02   0.000000000E+00   0.000000000E+00   1.192525629E+01   4.533713805E-01   2.430928229E-03   0.000000000E+00   0.000000000E+00   4.558023087E-01   1.068248358E+01   1.164267035E+00   0.000000000E+00   0.000000000E+00   1.184675061E+01   1.567248169E+01   1.619353448E+00   0.000000000E+00   0.000000000E+00   1.729183514E+01   6.957403469E-01   1.649374567E-01   0.000000000E+00   0.000000000E+00   8.606778035E-01   5.872367737E+00   2.644218680E-02   0.000000000E+00   0.000000000E+00   5.898809924E+00 
  9.600000000E+01   4.000000000E+00  -8.882784911E+00  -5.707237212E+01   4.818955834E+01   8.882814352E+00   9.086589568E+01  -3.891673071E-03   9.542390086E+01   5.603507269E+03   9.600000000E+01   4.823023719E+01   5.280233461E+02   4.797931428E+02   3.600000000E+01  -1.729969436E+00   6.196949224E+01   0.000000000E+00   6.000000000E+01   5.186271242E+00   8.365128638E-01   4.823023719E+01   1.109802534E+01   1.136298995E+01   3.954800608E-02   0.000000000E+00   0.000000000E+00   1.140253795E+01   2.462530680E-01   1.953412509E-03   0.000000000E+00   0.000000000E+00   2.482064805E-01   1.125721643E+01   1.247362588E+00   0.000000000E+00   0.000000000E+00   1.250457901E+01   1.521138559E+01   1.580644988E+00   0.000000000E+00   0.000000000E+00   1.679203058E+01   3.945609013E-01   1.360846606E-01   0.000000000E+00   0.000000000E+00   5.306455619E-01   6.839771894E+00   2.846205030E-02   0.000000000E+00   0.000000000E+00   6.868233944E+00 
  0.000000000E+00   4.500000000E+00   2.974331892E-05  -6.250496213E+01   2.138819445E+01   4.111676863E+01   9.569524153E+01   5.325852814E-04  -6.498618874E-01   5.706452085E+03   9.600000000E+01   4.802343565E+01   1.115590903E+03   1.067567410E+03   4.050000000E+01  -2.291626323E-01   6.050571280E+01   0.000000000E+00   6.000000000E+01   2.586783906E-02   6.531669941E-01   4.802343565E+01   8.826404923E-02   1.270056805E+01   4.404231344E-02   0.000000000E+00   0.000000000E+00   1.274461037E+01   5.220761579E+00   2.063328912E-02   0.000000000E+00   0.000000000E+00   5.241394868E+00   1.717983984E+00   2.808750652E-01   0.000000000E+00   0.000000000E+00   1.998859049E+00   1.690405677E+01   1.676921607E+00   0.000000000E+00   0.000000000E+00   1.858097838E+01   7.033221313E+00   9.343134130E-01   0.000000000E+00   0.000000000E+00   7.967534726E+00   1.361658650E+00   5.046387529E-03   0.000000000E+00   0.000000000E+00   1.366705038E+00 
  8.000000000E+00   4.500000000E+00   6.152659405E+01  -6.152656471E+01   2.377089933E+01   3.775566600E+01   9.528796353E+01   1.947765707E-02   8.528425679E+00   5.564537050E+03   9.600000000E+01   4.822840995E+01   1.023512091E+03   9.752838279E+02   4.050000000E+01   3.100286325E-01   5.850332511E+01   0.000000000E+00   6.000000000E+01  -5.634345136E+00  -9.532499119E+01   4.822840995E+01   1.187377389E+00   1.229775402E+01   4.285699274E-02   0.000000000E+00   0.000000000E+00   1.234061101E+01   4.495378096E+00   1.812203263E-02   0.000000000E+00   0.000000000E+00   4.513500129E+00   2.280869652E+00   3.567974267E-01   0.000000000E+00   0.000000000E+00   2.637667079E+00   1.818054627E+01   1.731658470E+00   0.000000000E+00   0.000000000E+00   1.991220474E+01   6.481852251E+00   8.590635421E-01   0.000000000E+00   0.000000000E+00   7.340915794E+00   1.726951659E+00   6.376252782E-03   0.000000000E+00   0.000000000E+00   1.733327912E+00 
  1.600000000E+01   4.500000000E+00   6.203299816E+01  -6.203296883E+01   2.582800232E+01   3.620496712E+01   9.521767581E+01  -2.459671935E-02   1.553825086E+01   5.613354094E+03   9.600000000E+01   4.820044336E+01   1.007884994E+03   9.596846660E+02   4.050000000E+01  -3.850078758E-02   5.876328638E+01   0.000000000E+00   6.000000000E+01  -4.526840592E+00  -9.530324216E+01   4.820044336E+01   1.920040721E+00   1.221409762E+01   4.474713873E-02   0.000000000E+00   0.000000000E+00   1.225884476E+01   3.968029361E+00   1.682199448E-02   0.000000000E+00   0.000000000E+00   3.984851355E+00   2.745459647E+00   4.167934692E-01   0.000000000E+00   0.000000000E+00   3.162253116E+00   1.857169586E+01   1.714709743E+00   0.000000000E+00   0.000000000E+00   2.028640561E+01   5.875010335E+00   7.865837612E-01   0.000000000E+00   0.000000000E+00   6.661594096E+00   2.070008646E+00   7.790212847E-03   0.000000000E+00   0.000000000E+00   2.077798859E+00 
  2.400000000E+01   4.500000000E+00  -5.922340027E+01  -5.922342916E+01   2.666579407E+01   3.255763539E+01   7.172664462E+01   5.217293185E-02   2.498999898E+01   6.120054011E+03   9.600000000E+01   4.818176660E+01   1.704152062E+02   1.222331093E+02   4.050000000E+01  -4.437658224E-01   6.385443185E+01   0.000000000E+00   6.000000000E+01   8.430325868E+00   9.670832680E+01   4.818176660E+01   2.565299733E+00   1.189941955E+01   4.065362261E-02   0.000000000E+00   0.000000000E+00   1.194007318E+01   3.241922486E+00   1.306930293E-02   0.000000000E+00   0.000000000E+00   3.254991789E+00   3.633202204E+00   5.178364454E-01   0.000000000E+00   0.000000000E+00   4.151038650E+00   1.892324571E+01   1.655943493E+00   0.000000000E+00   0.000000000E+00   2.057918921E+01   5.071614504E+00   6.610101145E-01   0.000000000E+00   0.000000000E+00   5.732624619E+00   2.344887929E+00   1.029501894E-02   0.000000000E+00   0.000000000E+00   2.355182948E+00 
  3.200000000E+01   4.500000000E+00   6.235913227E+01  -6.235910295E+01   3.038366583E+01   3.197543774E+01   9.110851091E+01  -1.896207946E-02   3.133221678E+01   5.644386656E+03   9.600000000E+01   4.816825189E+01   5.417318095E+02   4.935637848E+02   4.050000000E+01   1.870431571E-01   5.880005736E+01   0.000000000E+00   6.000000000E+01  -4.604503383E+00  -9.526259477E+01   4.816825189E+01   3.682553289E+00   1.332560838E+01   4.477574819E-02   0.000000000E+00   0.000000000E+00   1.337038413E+01   3.324321614E+00   1.322924233E-02   0.000000000E+00   0.000000000E+00   3.337550856E+00   3.788149617E+00   5.595706929E-01   0.000000000E+00   0.000000000E+00   4.347720310E+00   1.757802786E+01   1.732011742E+00   0.000000000E+00   0.000000000E+00   1.931003960E+01   4.323246632E+00   6.395169930E-01   0.000000000E+00   0.000000000E+00   4.962763625E+00   2.897070755E+00   1.142941025E-02   0.000000000E+00   0.000000000E+00   2.908500166E+00 
  4.000000000E+01   4.500000000E+00   2.974331892E-05  -6.365368804E+01   3.333785253E+01   3.031583643E+01   9.198967882E+01   7.528552662E-03   4.033196200E+01   5.824120785E+03   9.600000000E+01   4.816779037E+01   6.013234344E+02   5.531554960E+02   4.050000000E+01  -1.684179958E-02   6.069795765E+01   0.000000000E+00   6.000000000E+01   2.383122118E-01   7.501335681E-01   4.816779037E+01   4.696696222E+00   1.220977746E+01   3.985678222E-02   0.000000000E+00   0.000000000E+00   1.224963424E+01   2.504735823E+00   9.531069062E-03   0.000000000E+00   0.000000000E+00   2.514266893E+00   4.786568029E+00   6.431218431E-01   0.000000000E+00   0.000000000E+00   5.429689872E+00   1.865252608E+01   1.675309890E+00   0.000000000E+00   0.000000000E+00   2.032783597E+01   3.776656710E+00   5.205358443E-01   0.000000000E+00   0.000000000E+00   4.297192554E+00   3.247303141E+00   1.235657673E-02   0.000000000E+00   0.000000000E+00   3.259659718E+00 
  4.800000000E+01   4.500000000E+00   5.885437429E+01  -5.885434496E+01   3.357166494E+01   2.528268065E+01   9.545353087E+01   1.170620929E-02   4.718438178E+01  -5.500338523E+03   9.600000000E+01   4.820715507E+01   1.060325547E+03   1.012118173E+03   4.050000000E+01   6.434074912E-01   5.750052377E+01   0.000000000E+00   6.000000000E+01  -7.703298469E+00  -9.518593512E+01   4.820715507E+01   5.316152653E+00   1.186984793E+01   4.309251087E-02   0.000000000E+00   0.000000000E+00   1.191294044E+01   2.054669331E+00   8.613372776E-03   0.000000000E+00   0.000000000E+00   2.063282704E+00   5.653976764E+00   6.720911217E-01   0.000000000E+00   0.000000000E+00   6.326067885E+00   1.891101840E+01   1.560680541E+00   0.000000000E+00   0.000000000E+00   2.047169894E+01   3.251980597E+00   4.089287416E-01   0.000000000E+00   0.000000000E+00   3.660909339E+00   3.538991824E+00   1.525466879E-02   0.000000000E+00   0.000000000E+00   3.554246493E+00 
  5.600000000E+01   4.500000000E+00  -2.445073427E+01  -6.217249397E+01   3.772173082E+01   2.445076373E+01   6.906840095E+01   1.580114144E-02   5.555088917E+01   5.869359079E+03   9.600000000E+01   4.819621941E+01   1.558146634E+02   1.076186965E+02   4.050000000E+01  -7.010437939E-01   6.150971104E+01   0.000000000E+00   6.000000000E+01   2.873254401E+00   7.888991513E-01   4.819621941E+01   6.593559271E+00   1.260946436E+01   4.363587897E-02   0.000000000E+00   0.000000000E+00   1.265310024E+01   1.797997020E+00   6.852215027E-03   0.000000000E+00   0.000000000E+00   1.804849235E+00   6.137323948E+00   8.397596927E-01   0.000000000E+00   0.000000000E+00   6.977083641E+00   1.783552575E+01   1.730966797E+00   0.000000000E+00   0.000000000E+00   1.956649255E+01   2.473444262E+00   3.715114482E-01   0.000000000E+00   0.000000000E+00   2.844955710E+00   4.362829219E+00   1.794012759E-02   0.000000000E+00   0.000000000E+00   4.380769346E+00 
  6.400000000E+01   4.500000000E+00   6.225877971E+01  -6.225875038E+01   3.940744563E+01   2.285130536E+01   9.465122818E+01   5.851668141E-03   6.289965890E+01   5.633519324E+03   9.600000000E+01   4.819128396E+01   9.009724417E+02   8.527814816E+02   4.050000000E+01  -1.676451806E-01   5.949384625E+01   0.000000000E+00   6.000000000E+01  -2.779557116E+00  -9.518628185E+01   4.819128396E+01   7.209022543E+00   1.257088183E+01   3.938521805E-02   0.000000000E+00   0.000000000E+00   1.261026704E+01   1.432936370E+00   4.914326261E-03   0.000000000E+00   0.000000000E+00   1.437850696E+00   6.710697918E+00   9.145467583E-01   0.000000000E+00   0.000000000E+00   7.625244676E+00   1.717369432E+01   1.620348692E+00   0.000000000E+00   0.000000000E+00   1.879404301E+01   1.892596009E+00   2.873868801E-01   0.000000000E+00   0.000000000E+00   2.179982889E+00   5.049247234E+00   1.995368919E-02   0.000000000E+00   0.000000000E+00   5.069200923E+00 
  7.200000000E+01   4.500000000E+00  -5.991758027E+01  -5.991760915E+01   4.046713615E+01   1.945047331E+01   7.746731246E+01  -2.412589369E-02   7.163147781E+01   5.832134877E+03   9.600000000E+01   4.817259875E+01   2.137893515E+02   1.656168650E+02   4.050000000E+01  -1.123200875E+00   6.195094760E+01   0.000000000E+00   6.000000000E+01   4.389556259E+00   9.678377833E+01   4.817259875E+01   7.836126469E+00   1.211770344E+01   4.283010042E-02   0.000000000E+00   0.000000000E+00   1.216053354E+01   1.092901886E+00   4.121705169E-03   0.000000000E+00   0.000000000E+00   1.097023591E+00   7.815211371E+00   1.002606196E+00   0.000000000E+00   0.000000000E+00   8.817817568E+00   1.720192865E+01   1.682909472E+00   0.000000000E+00   0.000000000E+00   1.888483812E+01   1.455860121E+00   2.567050266E-01   0.000000000E+00   0.000000000E+00   1.712565148E+00   5.317687657E+00   2.161567206E-02   0.000000000E+00   0.000000000E+00   5.339303329E+00 
  8.000000000E+01   4.500000000E+00  -4.357855349E+01  -6.053943061E+01   4.357858297E+01   1.696084826E+01   9.558464186E+01  -9.304128764E-03   8.197662407E+01   5.651040153E+03   9.600000000E+01   4.821663649E+01   1.092021435E+03   1.043804778E+03   4.050000000E+01   2.028722501E-01   6.108937768E+01   0.000000000E+00   6.000000000E+01   1.691661038E+00   9.682645397E+01   4.821663649E+01   8.990278387E+00   1.223889574E+01   4.232113369E-02   0.000000000E+00   0.000000000E+00   1.228121688E+01   7.664797255E-01   3.289390476E-03   0.000000000E+00   0.000000000E+00   7.697691160E-01   8.653086752E+00   1.074098496E+00   0.000000000E+00   0.000000000E+00   9.727185248E+00   1.629958909E+01   1.642543892E+00   0.000000000E+00   0.000000000E+00   1.794213298E+01   9.856876923E-01   1.989766728E-01   0.000000000E+00   0.000000000E+00   1.184664365E+00   6.186622609E+00   2.447315100E-02   0.000000000E+00   0.000000000E+00   6.211095760E+00 
  8.800000000E+01   4.500000000E+00  -1.320989850E+01  -5.977836643E+01   4.656843912E+01   1.320992793E+01   9.152825479E+01  -1.357695568E-02   8.856429460E+01   5.588276365E+03   9.600000000E+01   4.820490166E+01   5.690006788E+02   5.207963911E+02   4.050000000E+01  -5.608569270E-01   6.112853102E+01   0.000000000E+00   6.000000000E+01   1.979506706E+00   8.314555740E-01   4.820490166E+01   1.024207475E+01   1.122582712E+01   4.072366748E-02   0.000000000E+00   0.000000000E+00   1.126655079E+01   4.758729476E-01   2.497565833E-03   0.000000000E+00   0.000000000E+00   4.783705135E-01   9.857531335E+00   1.172332125E+00   0.000000000E+00   0.000000000E+00   1.102986346E+01   1.638531143E+01   1.620858109E+00   0.000000000E+00   0.000000000E+00   1.800616954E+01   6.430260980E-01   1.634479211E-01   0.000000000E+00   0.000000000E+00   8.064740192E-01   6.652750915E+00   2.630443164E-02   0.000000000E+00   0.000000000E+00   6.679055347E+00 
  9.600000000E+01   4.500000000E+00   5.789728138E+01  -5.789725205E+01   4.794571593E+01   9.951536725E+00   9.394952141E+01   1.043778239E-02   9.563895694E+01   5.209368819E+03   9.600000000E+01   4.823817348E+01   7.972562935E+02   7.490184721E+02   4.050000000E+01   8.210915946E-01   5.863843948E+01   0.000000000E+00   6.000000000E+01  -4.914851404E+00  -9.515114721E+01   4.823817348E+01   1.090712808E+01   1.057683055E+01   3.924670509E-02   0.000000000E+00   0.000000000E+00   1.061607725E+01   2.486909241E-01   1.950266642E-03   0.000000000E+00   0.000000000E+00   2.506411908E-01   1.107899653E+01   1.246638743E+00   0.000000000E+00   0.000000000E+00   1.232563528E+01   1.597613010E+01   1.588378525E+00   0.000000000E+00   0.000000000E+00   1.756450862E+01   3.737355632E-01   1.341649316E-01   0.000000000E+00   0.000000000E+00   5.079004949E-01   7.126374239E+00   2.880020817E-02   0.000000000E+00   0.000000000E+00   7.155174447E+00 
  0.000000000E+00   5.000000000E+00   2.974331892E-05  -6.250468577E+01   2.138911600E+01   4.111557072E+01   9.569531181E+01   1.040150598E-04  -6.456836264E-01   5.706513254E+03   9.600000000E+01   4.802197665E+01   1.115575140E+03   1.067553108E+03   4.500000000E+01  -2.287568522E-01   6.050612118E+01   0.000000000E+00   6.000000000E+01   2.800289905E-02   6.531930580E-01   4.802197665E+01   8.868217234E-02   1.270066626E+01   4.404251850E-02   0.000000000E+00   0.000000000E+00   1.274470878E+01   5.220976674E+00   2.063424760E-02   0.000000000E+00   0.000000000E+00   5.241610922E+00   1.717873570E+00   2.808573899E-01   0.000000000E+00   0.000000000E+00   1.998730960E+00   1.690387434E+01   1.676910500E+00   0.000000000E+00   0.000000000E+00   1.858078484E+01   7.033539428E+00   9.343389100E-01   0.000000000E+00   0.000000000E+00   7.967878338E+00   1.361486499E+00   5.045959677E-03   0.000000000E+00   0.000000000E+00   1.366532459E+00 
  8.000000000E+00   5.000000000E+00   5.924439758E+01  -5.924436825E+01   2.244505782E+01   3.679931105E+01   9.612044576E+01   9.688647767E-03   6.868919150E+00   2.855358616E-03   9.600000000E+01   4.825409956E+01   1.243810030E+03   1.195555746E+03   4.500000000E+01  -2.486867276E-01   5.630462769E+01   0.000000000E+00   6.000000000E+01  -1.083937298E+01  -9.529493591E+01   4.825409956E+01   9.325303378E-01   1.092496858E+01   3.959818092E-02   0.000000000E+00   0.000000000E+00   1.096456676E+01   4.480573929E+00   1.832519653E-02   0.000000000E+00   0.000000000E+00   4.498899126E+00   2.396082733E+00   3.523106206E-01   0.000000000E+00   0.000000000E+00   2.748393353E+00   1.956845328E+01   1.647092535E+00   0.000000000E+00   0.000000000E+00   2.121554581E+01   6.525377094E+00   7.656641088E-01   0.000000000E+00   0.000000000E+00   7.291041203E+00   1.608123829E+00   6.446589288E-03   0.000000000E+00   0.000000000E+00   1.614570418E+00 
  1.600000000E+01   5.000000000E+00  -5.822657501E+01  -5.822660391E+01   2.391090404E+01   3.431570017E+01   9.587747674E+01   1.000823246E-02   1.663669364E+01  -2.502187483E+03   9.600000000E+01   4.818466041E+01   1.168814377E+03   1.120629733E+03   4.500000000E+01  -1.644387306E-01   6.333956025E+01   0.000000000E+00   6.000000000E+01   7.102297042E+00   9.673554592E+01   4.818466041E+01   1.614469971E+00   1.187048891E+01   4.404167255E-02   0.000000000E+00   0.000000000E+00   1.191453058E+01   3.758047504E+00   1.644984057E-02   0.000000000E+00   0.000000000E+00   3.774497345E+00   2.937666003E+00   4.125801318E-01   0.000000000E+00   0.000000000E+00   3.350246135E+00   1.873338203E+01   1.736056599E+00   0.000000000E+00   0.000000000E+00   2.046943863E+01   5.950131370E+00   7.826582157E-01   0.000000000E+00   0.000000000E+00   6.732789586E+00   1.953977615E+00   7.045754425E-03   0.000000000E+00   0.000000000E+00   1.961023370E+00 
  2.400000000E+01   5.000000000E+00  -5.903287530E+01  -5.903290420E+01   2.661380230E+01   3.241910220E+01   9.442634202E+01  -1.177109443E-02   2.529322353E+01   2.855358616E-03   9.600000000E+01   4.817691119E+01   8.643712650E+02   8.161941671E+02   4.500000000E+01  -1.772405176E-01   6.380602061E+01   0.000000000E+00   6.000000000E+01   8.087383636E+00   9.674790425E+01   4.817691119E+01   2.577391731E+00   1.197947882E+01   4.072196185E-02   0.000000000E+00   0.000000000E+00   1.202020079E+01   3.420486196E+00   1.346013227E-02   0.000000000E+00   0.000000000E+00   3.433946328E+00   3.425811563E+00   4.745721376E-01   0.000000000E+00   0.000000000E+00   3.900383701E+00   1.894489960E+01   1.645996602E+00   0.000000000E+00   0.000000000E+00   2.059089621E+01   5.170673469E+00   6.722602296E-01   0.000000000E+00   0.000000000E+00   5.842933699E+00   2.342652458E+00   8.863879830E-03   0.000000000E+00   0.000000000E+00   2.351516338E+00 
  3.200000000E+01   5.000000000E+00   5.860247650E+01  -5.860244717E+01   2.884595268E+01   2.975649511E+01   9.649980395E+01  -9.566293458E-03   3.118863538E+01  -5.521525342E+03   9.600000000E+01   4.819114337E+01   1.376815925E+03   1.328624668E+03   4.500000000E+01   1.464015518E-01   5.751764034E+01   0.000000000E+00   6.000000000E+01  -7.565418593E+00  -9.522270861E+01   4.819114337E+01   3.503420865E+00   1.292657242E+01   4.367713935E-02   0.000000000E+00   0.000000000E+00   1.297024956E+01   3.144665562E+00   1.232379075E-02   0.000000000E+00   0.000000000E+00   3.156989353E+00   3.832386370E+00   5.217952476E-01   0.000000000E+00   0.000000000E+00   4.354181618E+00   1.796757805E+01   1.548694612E+00   0.000000000E+00   0.000000000E+00   1.951627267E+01   4.312036896E+00   5.680903730E-01   0.000000000E+00   0.000000000E+00   4.880127269E+00   2.931432622E+00   1.132859939E-02   0.000000000E+00   0.000000000E+00   2.942761222E+00 
  4.000000000E+01   5.000000000E+00   2.972910806E-05  -6.371749144E+01   3.335559683E+01   3.036189551E+01   8.958986294E+01  -3.094132184E-03   4.016641531E+01   5.792087078E+03   9.600000000E+01   4.816244585E+01   4.626499542E+02   4.144874599E+02   4.500000000E+01  -1.075336316E-02   6.036455672E+01   0.000000000E+00   6.000000000E+01  -6.251346967E-01   7.596574666E-01   4.816244585E+01   4.695756350E+00   1.240413724E+01   4.005668767E-02   0.000000000E+00   0.000000000E+00   1.244419393E+01   2.567328742E+00   9.922468533E-03   0.000000000E+00   0.000000000E+00   2.577251210E+00   4.740582245E+00   6.306444915E-01   0.000000000E+00   0.000000000E+00   5.371226736E+00   1.862373480E+01   1.663166017E+00   0.000000000E+00   0.000000000E+00   2.028690082E+01   3.768483095E+00   5.163973351E-01   0.000000000E+00   0.000000000E+00   4.284880430E+00   3.209818707E+00   1.249739162E-02   0.000000000E+00   0.000000000E+00   3.222316098E+00 
  4.800000000E+01   5.000000000E+00  -5.783167535E+01  -5.783170425E+01   3.301559044E+01   2.481611410E+01   9.115109239E+01   1.182319665E-02   4.949804668E+01  -6.014510013E+03   9.600000000E+01   4.822235614E+01   5.449484874E+02   4.967264992E+02   4.500000000E+01  -3.084194135E-01   6.281401612E+01   0.000000000E+00   6.000000000E+01   5.535363887E+00   9.680904302E+01   4.822235614E+01   5.198727520E+00   1.278421306E+01   4.447341050E-02   0.000000000E+00   0.000000000E+00   1.282868647E+01   2.270593453E+00   9.006207527E-03   0.000000000E+00   0.000000000E+00   2.279599660E+00   5.073098540E+00   7.167827750E-01   0.000000000E+00   0.000000000E+00   5.789881315E+00   1.785941282E+01   1.727652287E+00   0.000000000E+00   0.000000000E+00   1.958706511E+01   2.986317559E+00   4.489210522E-01   0.000000000E+00   0.000000000E+00   3.435238611E+00   4.038261845E+00   1.430509451E-02   0.000000000E+00   0.000000000E+00   4.052566940E+00 
  5.600000000E+01   5.000000000E+00  -2.470821005E+01  -6.234285429E+01   3.763461538E+01   2.470823951E+01   8.985835721E+01   3.836303406E-02   5.533301199E+01   5.844272857E+03   9.600000000E+01   4.821265328E+01   4.753902012E+02   4.271778252E+02   4.500000000E+01  -5.571149069E-01   6.125021837E+01   0.000000000E+00   6.000000000E+01   2.159950002E+00   7.913199378E-01   4.821265328E+01   6.539340968E+00   1.258455434E+01   3.957982115E-02   0.000000000E+00   0.000000000E+00   1.262413416E+01   1.775697081E+00   6.222336842E-03   0.000000000E+00   0.000000000E+00   1.781919417E+00   6.215874440E+00   8.054279033E-01   0.000000000E+00   0.000000000E+00   7.021302343E+00   1.772947323E+01   1.646785620E+00   0.000000000E+00   0.000000000E+00   1.937625885E+01   2.469705995E+00   3.605199150E-01   0.000000000E+00   0.000000000E+00   2.830225910E+00   4.283140502E+00   1.584116977E-02   0.000000000E+00   0.000000000E+00   4.298981671E+00 
  6.400000000E+01   5.000000000E+00  -6.166503964E+01  -6.166506856E+01   3.963079682E+01   2.203427201E+01   8.903684702E+01   7.862251904E-03   6.511208040E+01   5.773072303E+03   9.600000000E+01   4.819817089E+01   4.396378821E+02   3.914397085E+02   4.500000000E+01  -4.761594533E-02   6.101244182E+01   0.000000000E+00   6.000000000E+01   1.170937899E+00   9.679436694E+01   4.819817089E+01   7.372272591E+00   1.190999673E+01   4.290426433E-02   0.000000000E+00   0.000000000E+00   1.195290100E+01   1.339317713E+00   4.982228577E-03   0.000000000E+00   0.000000000E+00   1.344299941E+00   7.405092866E+00   9.304200763E-01   0.000000000E+00   0.000000000E+00   8.335512943E+00   1.820900683E+01   1.713305971E+00   0.000000000E+00   0.000000000E+00   1.992231281E+01   1.991018288E+00   3.068772593E-01   0.000000000E+00   0.000000000E+00   2.297895548E+00   4.541695494E+00   1.973278000E-02   0.000000000E+00   0.000000000E+00   4.561428274E+00 
  7.200000000E+01   5.000000000E+00  -5.719435352E+01  -5.719438242E+01   3.911972296E+01   1.807465976E+01   9.251564209E+01   2.385435431E-03   7.445795183E+01  -4.028909806E+03   9.600000000E+01   4.819213476E+01   6.439054395E+02   5.957132518E+02   4.500000000E+01  -2.654369456E-01   6.233915641E+01   0.000000000E+00   6.000000000E+01   4.622263418E+00   9.684928325E+01   4.819213476E+01   7.568842533E+00   1.251529636E+01   4.284514040E-02   0.000000000E+00   0.000000000E+00   1.255814150E+01   1.070533078E+00   4.155078474E-03   0.000000000E+00   0.000000000E+00   1.074688157E+00   7.655402961E+00   9.577305127E-01   0.000000000E+00   0.000000000E+00   8.613133474E+00   1.664239991E+01   1.674676942E+00   0.000000000E+00   0.000000000E+00   1.831707685E+01   1.387008039E+00   2.423534000E-01   0.000000000E+00   0.000000000E+00   1.629361439E+00   5.726989193E+00   2.007900677E-02   0.000000000E+00   0.000000000E+00   5.747068199E+00 
  8.000000000E+01   5.000000000E+00   5.919555144E+01  -5.919552211E+01   4.291432850E+01   1.628119423E+01   9.417282181E+01  -1.187279955E-02   7.793683552E+01   5.335822327E+03   9.600000000E+01   4.821175209E+01   8.273573592E+02   7.791457716E+02   4.500000000E+01   3.462907127E-01   5.773982572E+01   0.000000000E+00   6.000000000E+01  -7.295304861E+00  -9.518374816E+01   4.821175209E+01   8.853095899E+00   1.162537718E+01   4.008386322E-02   0.000000000E+00   0.000000000E+00   1.166546104E+01   7.272426229E-01   3.100111168E-03   0.000000000E+00   0.000000000E+00   7.303427340E-01   8.933975398E+00   9.721818151E-01   0.000000000E+00   0.000000000E+00   9.906157213E+00   1.725795835E+01   1.480202721E+00   0.000000000E+00   0.000000000E+00   1.873816107E+01   1.067645358E+00   1.789294853E-01   0.000000000E+00   0.000000000E+00   1.246574843E+00   6.018866279E+00   2.333453349E-02   0.000000000E+00   0.000000000E+00   6.042200812E+00 
  8.800000000E+01   5.000000000E+00  -5.891350668E+01  -5.891353557E+01   4.532298737E+01   1.359054851E+01   9.627649835E+01   6.842047871E-03   8.821862440E+01   5.615817563E+03   9.600000000E+01   4.821347347E+01   1.294842023E+03   1.246628558E+03   4.500000000E+01  -8.824133920E-01   6.133836792E+01   0.000000000E+00   6.000000000E+01   2.698557630E+00   9.681018079E+01   4.821347347E+01   9.801348563E+00   1.168430888E+01   3.959185663E-02   0.000000000E+00   0.000000000E+00   1.172390073E+01   4.333893017E-01   2.339139428E-03   0.000000000E+00   0.000000000E+00   4.357284411E-01   1.037014909E+01   1.048776749E+00   0.000000000E+00   0.000000000E+00   1.141892584E+01   1.580017715E+01   1.453098213E+00   0.000000000E+00   0.000000000E+00   1.725327536E+01   6.910823230E-01   1.468924083E-01   0.000000000E+00   0.000000000E+00   8.379747313E-01   6.129923516E+00   2.533817374E-02   0.000000000E+00   0.000000000E+00   6.155261690E+00 
  9.600000000E+01   5.000000000E+00  -5.593008966E+01  -5.593011853E+01   4.655737558E+01   9.372743261E+00   9.271059039E+01   1.106108485E-02   9.743964196E+01   5.674222372E+03   9.600000000E+01   4.823705383E+01   6.617386822E+02   6.135018392E+02   4.500000000E+01  -1.587466268E+00   6.287448923E+01   0.000000000E+00   6.000000000E+01   6.429346794E+00   9.683600325E+01   4.823705383E+01   1.052377599E+01   1.122759677E+01   3.910062877E-02   0.000000000E+00   0.000000000E+00   1.126669740E+01   2.229507932E-01   1.889217755E-03   0.000000000E+00   0.000000000E+00   2.248400110E-01   1.162163668E+01   1.254541053E+00   0.000000000E+00   0.000000000E+00   1.287617773E+01   1.519748869E+01   1.585994616E+00   0.000000000E+00   0.000000000E+00   1.678348331E+01   3.728003177E-01   1.329711794E-01   0.000000000E+00   0.000000000E+00   5.057714971E-01   6.759084097E+00   2.854230608E-02   0.000000000E+00   0.000000000E+00   6.787626403E+00 
  0.000000000E+00   5.500000000E+00  -5.751870124E+01  -5.751873013E+01   1.914361779E+01   3.837511265E+01   9.530684971E+01   1.051944890E-03   5.325607593E-01  -2.043176380E+03   9.600000000E+01   4.802070293E+01   1.023208617E+03   9.751878993E+02   4.950000000E+01   2.221636861E-01   6.326821929E+01   0.000000000E+00   6.000000000E+01   7.174497909E+00   9.668909765E+01   4.802070293E+01  -1.561311449E-01   1.155490385E+01   3.897499193E-02   0.000000000E+00   0.000000000E+00   1.159387884E+01   4.715797287E+00   1.856912614E-02   0.000000000E+00   0.000000000E+00   4.734366413E+00   1.854033629E+00   2.687482703E-01   0.000000000E+00   0.000000000E+00   2.122781899E+00   1.819968803E+01   1.620932809E+00   0.000000000E+00   0.000000000E+00   1.982062084E+01   7.571123059E+00   8.942705443E-01   0.000000000E+00   0.000000000E+00   8.465393603E+00   1.241521375E+00   4.573401945E-03   0.000000000E+00   0.000000000E+00   1.246094777E+00 
  8.000000000E+00   5.500000000E+00   5.758499242E+01  -5.758496309E+01   2.160897849E+01   3.597598523E+01   8.808611320E+01  -1.394200194E-02   7.283897580E+00  -5.517548711E+03   9.600000000E+01   4.823606764E+01   4.048733050E+02   3.566371577E+02   4.950000000E+01  -2.049309560E-01   5.807728148E+01   0.000000000E+00   6.000000000E+01  -6.312072226E+00  -9.529280263E+01   4.823606764E+01   8.073311499E-01   1.148431412E+01   3.929838549E-02   0.000000000E+00   0.000000000E+00   1.152361251E+01   4.276687018E+00   1.681598292E-02   0.000000000E+00   0.000000000E+00   4.293503001E+00   2.379894222E+00   3.301002649E-01   0.000000000E+00   0.000000000E+00   2.709994487E+00   1.884947816E+01   1.641799535E+00   0.000000000E+00   0.000000000E+00   2.049127769E+01   6.818878864E+00   8.367976548E-01   0.000000000E+00   0.000000000E+00   7.655676519E+00   1.486130440E+00   5.576079409E-03   0.000000000E+00   0.000000000E+00   1.491706519E+00 
  1.600000000E+01   5.500000000E+00  -5.675240061E+01  -5.675242951E+01   2.381967145E+01   3.293275837E+01   9.480026542E+01   3.900012399E-03   1.781806174E+01  -5.909448092E+03   9.600000000E+01   4.822302620E+01   9.274107555E+02   8.791878578E+02   4.950000000E+01   5.176126448E-01   6.180545111E+01   0.000000000E+00   6.000000000E+01   3.459189020E+00   9.672138680E+01   4.822302620E+01   1.785572935E+00   1.182117232E+01   3.970015331E-02   0.000000000E+00   0.000000000E+00   1.186087247E+01   3.839506470E+00   1.520217296E-02   0.000000000E+00   0.000000000E+00   3.854708643E+00   2.882684499E+00   3.866019974E-01   0.000000000E+00   0.000000000E+00   3.269286497E+00   1.892320489E+01   1.656863155E+00   0.000000000E+00   0.000000000E+00   2.058006805E+01   6.105896813E+00   7.589181804E-01   0.000000000E+00   0.000000000E+00   6.864814993E+00   1.882067559E+00   7.126080701E-03   0.000000000E+00   0.000000000E+00   1.889193639E+00 
  2.400000000E+01   5.500000000E+00  -6.179846844E+01  -6.179849736E+01   2.836570547E+01   3.343279217E+01   9.279060885E+01   1.610934435E-02   2.584722039E+01   5.908302933E+03   9.600000000E+01   4.819934466E+01   6.685602853E+02   6.203611592E+02   4.950000000E+01   4.738285909E-01   6.161287237E+01   0.000000000E+00   6.000000000E+01   2.998448761E+00   9.670096581E+01   4.819934466E+01   2.966940912E+00   1.245404521E+01   4.014210872E-02   0.000000000E+00   0.000000000E+00   1.249418732E+01   3.529514061E+00   1.323389741E-02   0.000000000E+00   0.000000000E+00   3.542747958E+00   3.340944715E+00   4.853560513E-01   0.000000000E+00   0.000000000E+00   3.826300766E+00   1.846201055E+01   1.652559408E+00   0.000000000E+00   0.000000000E+00   2.011456996E+01   5.054696045E+00   6.741315261E-01   0.000000000E+00   0.000000000E+00   5.728827572E+00   2.432627490E+00   8.716146718E-03   0.000000000E+00   0.000000000E+00   2.441343637E+00 
  3.200000000E+01   5.500000000E+00  -2.868619360E+01  -5.674877755E+01   2.806255506E+01   2.868622307E+01   9.266106120E+01  -2.282385327E-02   3.190986608E+01  -5.878869660E+03   9.600000000E+01   4.815747355E+01   6.561931654E+02   6.080355506E+02   4.950000000E+01  -4.459073789E-01   6.124505867E+01   0.000000000E+00   6.000000000E+01   1.906833960E+00   7.557246777E-01   4.815747355E+01   3.408957888E+00   1.163579702E+01   4.475384438E-02   0.000000000E+00   0.000000000E+00   1.168055086E+01   2.770953655E+00   1.236390783E-02   0.000000000E+00   0.000000000E+00   2.783317563E+00   4.350492298E+00   5.232991363E-01   0.000000000E+00   0.000000000E+00   4.873791434E+00   1.950165014E+01   1.748701757E+00   0.000000000E+00   0.000000000E+00   2.125035190E+01   4.698730348E+00   5.558252797E-01   0.000000000E+00   0.000000000E+00   5.254555628E+00   2.592774261E+00   1.146304392E-02   0.000000000E+00   0.000000000E+00   2.604237305E+00 
  4.000000000E+01   5.500000000E+00   6.186502617E+01  -6.186499684E+01   3.246830421E+01   2.939669324E+01   9.222795182E+01   2.125394529E-02   3.899937935E+01   5.596143959E+03   9.600000000E+01   4.815721314E+01   6.196177950E+02   5.714608015E+02   4.950000000E+01  -5.306563367E-02   5.832633119E+01   0.000000000E+00   6.000000000E+01  -5.568633372E+00  -9.524919717E+01   4.815721314E+01   4.542172770E+00   1.309444135E+01   4.489049250E-02   0.000000000E+00   0.000000000E+00   1.313933184E+01   2.691580183E+00   1.064571575E-02   0.000000000E+00   0.000000000E+00   2.702225899E+00   4.546705617E+00   6.726254297E-01   0.000000000E+00   0.000000000E+00   5.219331047E+00   1.793283773E+01   1.719806006E+00   0.000000000E+00   0.000000000E+00   1.965264373E+01   3.569201580E+00   5.323547818E-01   0.000000000E+00   0.000000000E+00   4.101556362E+00   3.482139275E+00   1.384392767E-02   0.000000000E+00   0.000000000E+00   3.495983203E+00 
  4.800000000E+01   5.500000000E+00   6.297465787E+01  -6.297462854E+01   3.491854015E+01   2.805608899E+01   8.978741329E+01   5.687618873E-03   4.661450292E+01   5.703530944E+03   9.600000000E+01   4.821326247E+01   4.720944594E+02   4.238814034E+02   4.950000000E+01  -3.065975056E-01   5.955690824E+01   0.000000000E+00   6.000000000E+01  -2.802216520E+00  -9.521750594E+01   4.821326247E+01   5.375615660E+00   1.247015047E+01   4.405323749E-02   0.000000000E+00   0.000000000E+00   1.251420370E+01   2.176909568E+00   8.820697577E-03   0.000000000E+00   0.000000000E+00   2.185730266E+00   5.530496929E+00   7.450919650E-01   0.000000000E+00   0.000000000E+00   6.275588894E+00   1.841825709E+01   1.747584694E+00   0.000000000E+00   0.000000000E+00   2.016584178E+01   3.194559817E+00   4.625034987E-01   0.000000000E+00   0.000000000E+00   3.657063316E+00   3.621801787E+00   1.568186704E-02   0.000000000E+00   0.000000000E+00   3.637483655E+00 
  5.600000000E+01   5.500000000E+00   5.789232168E+01  -5.789229234E+01   3.521363416E+01   2.267865878E+01   9.293538477E+01   6.172128171E-03   5.475563255E+01  -5.544305366E+03   9.600000000E+01   4.821872611E+01   6.825394446E+02   6.343206590E+02   4.950000000E+01   2.290587266E-01   5.821180956E+01   0.000000000E+00   6.000000000E+01  -5.831006136E+00  -9.517671803E+01   4.821872611E+01   6.033033927E+00   1.231581405E+01   4.259589684E-02   0.000000000E+00   0.000000000E+00   1.235840995E+01   1.748104384E+00   6.782227683E-03   0.000000000E+00   0.000000000E+00   1.754886612E+00   6.486952396E+00   7.407232896E-01   0.000000000E+00   0.000000000E+00   7.227675686E+00   1.834891981E+01   1.542100921E+00   0.000000000E+00   0.000000000E+00   1.989102073E+01   2.576600565E+00   3.301603123E-01   0.000000000E+00   0.000000000E+00   2.906760878E+00   4.109025618E+00   1.726829770E-02   0.000000000E+00   0.000000000E+00   4.126293916E+00 
  6.400000000E+01   5.500000000E+00   5.764506297E+01  -5.764503363E+01   3.730686137E+01   2.033817289E+01   9.422276384E+01  -1.679024398E-02   6.231238143E+01  -5.508556449E+03   9.600000000E+01   4.823524852E+01   8.349241149E+02   7.866885770E+02   4.950000000E+01   7.747504254E-02   5.822511988E+01   0.000000000E+00   6.000000000E+01  -5.896305984E+00  -9.516456699E+01   4.823524852E+01   6.852384443E+00   1.194969021E+01   4.157750942E-02   0.000000000E+00   0.000000000E+00   1.199126772E+01   1.331699676E+00   5.106812801E-03   0.000000000E+00   0.000000000E+00   1.336806488E+00   7.416994654E+00   8.216293119E-01   0.000000000E+00   0.000000000E+00   8.238623966E+00   1.816534783E+01   1.536735401E+00   0.000000000E+00   0.000000000E+00   1.970208323E+01   2.048136184E+00   2.682961219E-01   0.000000000E+00   0.000000000E+00   2.316432306E+00   4.582368596E+00   1.921262378E-02   0.000000000E+00   0.000000000E+00   4.601581220E+00 
  7.200000000E+01   5.500000000E+00  -5.990449343E+01  -5.990452233E+01   4.065306083E+01   1.925146180E+01   8.605186313E+01  -1.631542529E-02   7.207683956E+01   5.823116718E+03   9.600000000E+01   4.816190282E+01   3.452933247E+02   2.971313391E+02   4.950000000E+01  -1.093735705E+00   6.190459473E+01   0.000000000E+00   6.000000000E+01   4.281620962E+00   9.678499241E+01   4.816190282E+01   7.909965303E+00   1.203170367E+01   4.234775392E-02   0.000000000E+00   0.000000000E+00   1.207405143E+01   1.060557008E+00   4.113654307E-03   0.000000000E+00   0.000000000E+00   1.064670662E+00   7.809069653E+00   1.004204014E+00   0.000000000E+00   0.000000000E+00   8.813273667E+00   1.732331252E+01   1.694647252E+00   0.000000000E+00   0.000000000E+00   1.901795977E+01   1.466707667E+00   2.550472118E-01   0.000000000E+00   0.000000000E+00   1.721754879E+00   5.432993359E+00   2.190442038E-02   0.000000000E+00   0.000000000E+00   5.454897780E+00 
  8.000000000E+01   5.500000000E+00   6.091134085E+01  -6.091131153E+01   4.394471621E+01   1.696659594E+01   8.894432142E+01   1.009047649E-03   7.962337619E+01   5.502262674E+03   9.600000000E+01   4.821013349E+01   4.360675469E+02   3.878573205E+02   4.950000000E+01   1.445959576E-01   5.946446974E+01   0.000000000E+00   6.000000000E+01  -2.806819945E+00  -9.515934607E+01   4.821013349E+01   9.106721418E+00   1.218130720E+01   4.177710701E-02   0.000000000E+00   0.000000000E+00   1.222308431E+01   7.466030218E-01   3.195666936E-03   0.000000000E+00   0.000000000E+00   7.497986887E-01   9.285069371E+00   1.075594528E+00   0.000000000E+00   0.000000000E+00   1.036066390E+01   1.634221351E+01   1.656731059E+00   0.000000000E+00   0.000000000E+00   1.799894457E+01   1.067915783E+00   2.026301320E-01   0.000000000E+00   0.000000000E+00   1.270545915E+00   5.622229338E+00   2.379445062E-02   0.000000000E+00   0.000000000E+00   5.646023789E+00 
  8.800000000E+01   5.500000000E+00   5.831074373E+01  -5.831071439E+01   4.491867394E+01   1.339204105E+01   9.240970947E+01   7.152625226E-04   8.556311937E+01   5.249752734E+03   9.600000000E+01   4.824754711E+01   6.356496551E+02   5.874019996E+02   4.950000000E+01   4.726383624E-01   5.772224683E+01   0.000000000E+00   6.000000000E+01  -7.385012461E+00  -9.517380829E+01   4.824754711E+01   9.698938102E+00   1.109050034E+01   4.063088447E-02   0.000000000E+00   0.000000000E+00   1.113113122E+01   4.691405675E-01   2.540481363E-03   0.000000000E+00   0.000000000E+00   4.716810489E-01   1.039052830E+01   1.157350245E+00   0.000000000E+00   0.000000000E+00   1.154787855E+01   1.666744770E+01   1.633428441E+00   0.000000000E+00   0.000000000E+00   1.830087614E+01   7.061199858E-01   1.659139594E-01   0.000000000E+00   0.000000000E+00   8.720339453E-01   6.086498251E+00   2.639943606E-02   0.000000000E+00   0.000000000E+00   6.112897687E+00 
  9.600000000E+01   5.500000000E+00  -5.593008966E+01  -5.593011853E+01   4.655737558E+01   9.372743261E+00   9.271059039E+01   1.106108485E-02   9.743964196E+01   5.674222372E+03   9.600000000E+01   4.823705383E+01   6.617386822E+02   6.135018392E+02   4.950000000E+01  -1.587466268E+00   6.287448923E+01   0.000000000E+00   6.000000000E+01   6.429346794E+00   9.683600325E+01   4.823705383E+01   1.052377599E+01   1.122759677E+01   3.910062877E-02   0.000000000E+00   0.000000000E+00   1.126669740E+01   2.229507932E-01   1.889217755E-03   0.000000000E+00   0.000000000E+00   2.248400110E-01   1.162163668E+01   1.254541053E+00   0.000000000E+00   0.000000000E+00   1.287617773E+01   1.519748869E+01   1.585994616E+00   0.000000000E+00   0.000000000E+00   1.678348331E+01   3.728003177E-01   1.329711794E-01   0.000000000E+00   0.000000000E+00   5.057714971E-01   6.759084097E+00   2.854230608E-02   0.000000000E+00   0.000000000E+00   6.787626403E+00 
  0.000000000E+00   6.000000000E+00   5.899317306E+01  -5.899314372E+01   1.965779691E+01   3.933534744E+01   9.330426975E+01   1.609696179E-03  -2.032528738E+00  -1.746587797E+03   9.600000000E+01   4.802013213E+01   7.171749027E+02   6.691548058E+02   5.400000000E+01  -7.617888182E-01   5.677917154E+01   0.000000000E+00   6.000000000E+01  -9.207137976E+00  -9.530587248E+01   4.802013213E+01  -1.511601325E-01   1.189408072E+01   4.198147544E-02   0.000000000E+00   0.000000000E+00   1.193606219E+01   4.867734098E+00   1.995080058E-02   0.000000000E+00   0.000000000E+00   4.887684899E+00   1.832267408E+00   2.537502210E-01   0.000000000E+00   0.000000000E+00   2.086017629E+00   1.798622383E+01   1.516896596E+00   0.000000000E+00   0.000000000E+00   1.950312043E+01   7.476967225E+00   8.365912925E-01   0.000000000E+00   0.000000000E+00   8.313558517E+00   1.276283810E+00   4.803917290E-03   0.000000000E+00   0.000000000E+00   1.281087727E+00 
  8.000000000E+00   6.000000000E+00   5.869106813E+01  -5.869103880E+01   2.260874665E+01   3.608229277E+01   9.571252115E+01   1.534435048E-02   9.392295071E+00  -5.697647435E+03   9.600000000E+01   4.824137182E+01   1.125173200E+03   1.076931637E+03   5.400000000E+01   5.226102948E-01   5.986793955E+01   0.000000000E+00   6.000000000E+01  -2.218044086E+00  -9.527109674E+01   4.824137182E+01   1.083636461E+00   1.132093108E+01   4.401734042E-02   0.000000000E+00   0.000000000E+00   1.136494842E+01   4.260460734E+00   1.863741127E-02   0.000000000E+00   0.000000000E+00   4.279098145E+00   2.273316539E+00   3.518138739E-01   0.000000000E+00   0.000000000E+00   2.625130413E+00   1.917663390E+01   1.709368741E+00   0.000000000E+00   0.000000000E+00   2.088600264E+01   6.766858633E+00   8.716787269E-01   0.000000000E+00   0.000000000E+00   7.638537360E+00   1.633301512E+00   6.424686486E-03   0.000000000E+00   0.000000000E+00   1.639726198E+00 
  1.600000000E+01   6.000000000E+00  -5.858602110E+01  -5.858604999E+01   2.481887563E+01   3.376717466E+01   9.403335537E+01  -1.296776379E-02   1.600980230E+01  -3.544505802E+03   9.600000000E+01   4.820387455E+01   8.078928250E+02   7.596887311E+02   5.400000000E+01  -3.117550779E-01   6.293908121E+01   0.000000000E+00   6.000000000E+01   6.124294874E+00   9.670455907E+01   4.820387455E+01   1.962399221E+00   1.251096593E+01   4.399158051E-02   0.000000000E+00   0.000000000E+00   1.255495751E+01   4.023185730E+00   1.689520479E-02   0.000000000E+00   0.000000000E+00   4.040080935E+00   2.790587084E+00   4.040757877E-01   0.000000000E+00   0.000000000E+00   3.194662872E+00   1.810273676E+01   1.733386010E+00   0.000000000E+00   0.000000000E+00   1.983612277E+01   5.944518221E+00   7.973295639E-01   0.000000000E+00   0.000000000E+00   6.741847785E+00   1.947347463E+00   7.671019479E-03   0.000000000E+00   0.000000000E+00   1.955018483E+00 
  2.400000000E+01   6.000000000E+00   5.967519989E+01  -5.967517058E+01   2.728870084E+01   3.238647037E+01   9.546794220E+01   3.335145705E-02   2.340479152E+01  -5.432516126E+03   9.600000000E+01   4.817321366E+01   1.062943246E+03   1.014770044E+03   5.400000000E+01   2.982357928E-01   5.665710824E+01   0.000000000E+00   6.000000000E+01  -1.000797348E+01  -9.523938895E+01   4.817321366E+01   2.784721753E+00   1.299983086E+01   4.876974059E-02   0.000000000E+00   0.000000000E+00   1.304860060E+01   3.636141316E+00   1.609106727E-02   0.000000000E+00   0.000000000E+00   3.652232383E+00   3.240281222E+00   5.350449517E-01   0.000000000E+00   0.000000000E+00   3.775326174E+00   1.792834309E+01   1.814991309E+00   0.000000000E+00   0.000000000E+00   1.974333440E+01   4.822803044E+00   7.340881901E-01   0.000000000E+00   0.000000000E+00   5.556891234E+00   2.641754371E+00   1.082796831E-02   0.000000000E+00   0.000000000E+00   2.652582339E+00 
  3.200000000E+01   6.000000000E+00  -5.669628757E+01  -5.669631645E+01   2.742862815E+01   2.926768860E+01   9.623428460E+01  -2.594098755E-03   3.130348148E+01  -5.904206116E+03   9.600000000E+01   4.819163787E+01   1.279741145E+03   1.231549736E+03   5.400000000E+01  -4.589755139E-01   6.151459216E+01   0.000000000E+00   6.000000000E+01   2.585868920E+00   9.675104908E+01   4.819163787E+01   3.154765993E+00   1.180475153E+01   4.387868334E-02   0.000000000E+00   0.000000000E+00   1.184863022E+01   2.914133131E+00   1.261254180E-02   0.000000000E+00   0.000000000E+00   2.926745673E+00   4.135564761E+00   5.206640515E-01   0.000000000E+00   0.000000000E+00   4.656228813E+00   1.932649898E+01   1.546505747E+00   0.000000000E+00   0.000000000E+00   2.087300472E+01   4.563635914E+00   5.650010543E-01   0.000000000E+00   0.000000000E+00   5.128636968E+00   2.670989745E+00   1.141049761E-02   0.000000000E+00   0.000000000E+00   2.682400243E+00 
  4.000000000E+01   6.000000000E+00   5.791993256E+01  -5.791990325E+01   3.115147624E+01   2.676842763E+01   9.621175048E+01  -6.966232531E-03   4.106622961E+01  -5.709830332E+03   9.600000000E+01   4.818216868E+01   1.271882622E+03   1.223700535E+03   5.400000000E+01   4.544758849E-01   5.952694259E+01   0.000000000E+00   6.000000000E+01  -2.790591482E+00  -9.517605151E+01   4.818216868E+01   4.484612715E+00   1.190542101E+01   4.342391347E-02   0.000000000E+00   0.000000000E+00   1.194884492E+01   2.429283147E+00   1.040747001E-02   0.000000000E+00   0.000000000E+00   2.439690617E+00   4.929682782E+00   6.007926178E-01   0.000000000E+00   0.000000000E+00   5.530475400E+00   1.907849221E+01   1.562064637E+00   0.000000000E+00   0.000000000E+00   2.064055685E+01   3.839800191E+00   4.808533809E-01   0.000000000E+00   0.000000000E+00   4.320653572E+00   3.171918915E+00   1.353869388E-02   0.000000000E+00   0.000000000E+00   3.185457609E+00 
  4.800000000E+01   6.000000000E+00  -6.105717026E+01  -6.105719915E+01   3.413711138E+01   2.692008806E+01   9.615460244E+01   1.040982963E-02   4.808415586E+01   5.947036174E+03   9.600000000E+01   4.817816184E+01   1.252882649E+03   1.204704330E+03   5.400000000E+01  -6.561113318E-01   6.208388231E+01   0.000000000E+00   6.000000000E+01   4.230427274E+00   9.674017414E+01   4.817816184E+01   5.274209878E+00   1.198235721E+01   3.972376737E-02   0.000000000E+00   0.000000000E+00   1.202208098E+01   2.109765927E+00   7.833367705E-03   0.000000000E+00   0.000000000E+00   2.117599294E+00   5.555346826E+00   7.211078365E-01   0.000000000E+00   0.000000000E+00   6.276454663E+00   1.875287969E+01   1.656023089E+00   0.000000000E+00   0.000000000E+00   2.040890278E+01   3.028640812E+00   4.280024965E-01   0.000000000E+00   0.000000000E+00   3.456643308E+00   3.716139326E+00   1.444513478E-02   0.000000000E+00   0.000000000E+00   3.730584460E+00 
  5.600000000E+01   6.000000000E+00   2.975752977E-05  -6.312440362E+01   3.780856264E+01   2.531584194E+01   9.406414023E+01   4.689211539E-03   5.650940682E+01   5.776123208E+03   9.600000000E+01   4.825188635E+01   8.128837095E+02   7.646320724E+02   5.400000000E+01  -1.901213196E-01   6.062174550E+01   0.000000000E+00   6.000000000E+01   3.489420999E-01   7.858205989E-01   4.825188635E+01   6.504689105E+00   1.271404355E+01   4.472196219E-02   0.000000000E+00   0.000000000E+00   1.275876552E+01   1.905345751E+00   7.247273777E-03   0.000000000E+00   0.000000000E+00   1.912593025E+00   6.045281384E+00   8.348803169E-01   0.000000000E+00   0.000000000E+00   6.880161700E+00   1.780882928E+01   1.709828505E+00   0.000000000E+00   0.000000000E+00   1.951865779E+01   2.341718035E+00   3.689187702E-01   0.000000000E+00   0.000000000E+00   2.710636805E+00   4.486832276E+00   1.809738578E-02   0.000000000E+00   0.000000000E+00   4.504929661E+00 
  6.400000000E+01   6.000000000E+00   5.761164250E+01  -5.761161317E+01   3.753702120E+01   2.007459261E+01   9.278686814E+01  -2.441683926E-02   6.285979937E+01  -5.474790987E+03   9.600000000E+01   4.819516858E+01   6.681582550E+02   6.199631190E+02   5.400000000E+01   4.370217374E-01   5.792920225E+01   0.000000000E+00   6.000000000E+01  -6.561311845E+00  -9.515667674E+01   4.819516858E+01   6.954238183E+00   1.155043397E+01   3.916933519E-02   0.000000000E+00   0.000000000E+00   1.158960330E+01   1.348328232E+00   5.578348870E-03   0.000000000E+00   0.000000000E+00   1.353906581E+00   7.311005161E+00   9.116128454E-01   0.000000000E+00   0.000000000E+00   8.222618007E+00   1.857489663E+01   1.631964213E+00   0.000000000E+00   0.000000000E+00   2.020686085E+01   2.031467488E+00   3.020193625E-01   0.000000000E+00   0.000000000E+00   2.333486851E+00   4.491552014E+00   2.029069851E-02   0.000000000E+00   0.000000000E+00   4.511842713E+00 
  7.200000000E+01   6.000000000E+00  -1.638502199E+01  -5.536421898E+01   3.897916814E+01   1.638505143E+01   9.462604164E+01  -3.536586451E-04   7.213019829E+01  -5.753546403E+03   9.600000000E+01   4.815320075E+01   8.960577682E+02   8.479039969E+02   5.400000000E+01  -6.385621102E-01   6.124647494E+01   0.000000000E+00   6.000000000E+01   2.331353807E+00   8.405743039E-01   4.815320075E+01   7.718520574E+00   1.084680978E+01   3.838755334E-02   0.000000000E+00   0.000000000E+00   1.088519733E+01   1.010902806E+00   3.807238686E-03   0.000000000E+00   0.000000000E+00   1.014710045E+00   8.481317498E+00   9.612608831E-01   0.000000000E+00   0.000000000E+00   9.442578381E+00   1.886748206E+01   1.607462103E+00   0.000000000E+00   0.000000000E+00   2.047494416E+01   1.566054442E+00   2.420802405E-01   0.000000000E+00   0.000000000E+00   1.808134683E+00   4.835789156E+00   1.949346088E-02   0.000000000E+00   0.000000000E+00   4.855282617E+00 
  8.000000000E+01   6.000000000E+00  -1.309523046E+01  -5.483735656E+01   4.174209725E+01   1.309525989E+01   9.502910574E+01   6.206568074E-03   7.953492110E+01  -5.643473734E+03   9.600000000E+01   4.821548307E+01   9.699586292E+02   9.217430113E+02   5.400000000E+01  -7.130713306E-01   6.076727508E+01   0.000000000E+00   6.000000000E+01   1.554147323E+00   8.489096750E-01   4.821548307E+01   8.831023872E+00   1.082231593E+01   3.726906543E-02   0.000000000E+00   0.000000000E+00   1.085958500E+01   7.121728315E-01   2.892337581E-03   0.000000000E+00   0.000000000E+00   7.150651691E-01   9.339360749E+00   1.036071408E+00   0.000000000E+00   0.000000000E+00   1.037543216E+01   1.803538174E+01   1.585170804E+00   0.000000000E+00   0.000000000E+00   1.962055254E+01   1.067994646E+00   1.947727086E-01   0.000000000E+00   0.000000000E+00   1.262767355E+00   5.517724501E+00   2.171133701E-02   0.000000000E+00   0.000000000E+00   5.539435838E+00 
  8.800000000E+01   6.000000000E+00   5.831074373E+01  -5.831071439E+01   4.491867394E+01   1.339204105E+01   9.240970947E+01   7.152625226E-04   8.556311937E+01   5.249752734E+03   9.600000000E+01   4.824754711E+01   6.356496551E+02   5.874019996E+02   5.400000000E+01   4.726383624E-01   5.772224683E+01   0.000000000E+00   6.000000000E+01  -7.385012461E+00  -9.517380829E+01   4.824754711E+01   9.698938102E+00   1.109050034E+01   4.063088447E-02   0.000000000E+00   0.000000000E+00   1.113113122E+01   4.691405675E-01   2.540481363E-03   0.000000000E+00   0.000000000E+00   4.716810489E-01   1.039052830E+01   1.157350245E+00   0.000000000E+00   0.000000000E+00   1.154787855E+01   1.666744770E+01   1.633428441E+00   0.000000000E+00   0.000000000E+00   1.830087614E+01   7.061199858E-01   1.659139594E-01   0.000000000E+00   0.000000000E+00   8.720339453E-01   6.086498251E+00   2.639943606E-02   0.000000000E+00   0.000000000E+00   6.112897687E+00 
  9.600000000E+01   6.000000000E+00  -5.593008966E+01  -5.593011853E+01   4.655737558E+01   9.372743261E+00   9.271059039E+01   1.106108485E-02   9.743964196E+01   5.674222372E+03   9.600000000E+01   4.823705383E+01   6.617386822E+02   6.135018392E+02   5.400000000E+01  -1.587466268E+00   6.287448923E+01   0.000000000E+00   6.000000000E+01   6.429346794E+00   9.683600325E+01   4.823705383E+01   1.052377599E+01   1.122759677E+01   3.910062877E-02   0.000000000E+00   0.000000000E+00   1.126669740E+01   2.229507932E-01   1.889217755E-03   0.000000000E+00   0.000000000E+00   2.248400110E-01   1.162163668E+01   1.254541053E+00   0.000000000E+00   0.000000000E+00   1.287617773E+01   1.519748869E+01   1.585994616E+00   0.000000000E+00   0.000000000E+00   1.678348331E+01   3.728003177E-01   1.329711794E-01   0.000000000E+00   0.000000000E+00   5.057714971E-01   6.759084097E+00   2.854230608E-02   0.000000000E+00   0.000000000E+00   6.787626403E+00 
